{
 "version":3,
 "baseUrl":"support/slwebview_files",
 "homeHid":1,
 "sections":[
  {
   "hid":1,
   "sid":"STC_Requirement_linking",
   "name":"STC_Requirement_linking",
   "fullname":"STC_Requirement_linking",
   "label":"STC_Requirement_linking",
   "parent":0,
   "descendantIDs":[
    2,
    3,
    4,
    5,
    6,
    7,
    8,
    9,
    10,
    11,
    12,
    13,
    14,
    18,
    19,
    20,
    21,
    22,
    23,
    24,
    25,
    26,
    27,
    28
   ],
   "descendantsURL":"support/slwebview_files/STC_Requirement_linking_diagrams_1.json",
   "sysViewURL":"support/slwebview_files/STC_Requirement_linking_p.json"
  }
 ],
 "optViews":[
 ],
 "display":{
  "informer":false,
  "notes":false
 },
 "iconsUrl":"support/slwebview_files/icon.css",
 "lod":true
}