{"LayOut":{"DisplayChangeInformation":false,"Link":["Label","Source","Type","Destination"],"Req":["Index","ReqID","Summary"]},"ReqSetInfo":[{"Children":[{"Children":[],"CreatedBy":"chall","CreatedOn":"21-Apr-2025 16:53:19","CustomID":"ID-1","Description":"<!DOCTYPE HTML PUBLIC \"-//W3C//DTD HTML 4.0//EN\" \"http://www.w3.org/TR/REC-html40/strict.dtd\">\n<html><head><meta name=\"qrichtext\" content=\"1\" /><style type=\"text/css\">\np, li { white-space: pre-wrap; }\n</style></head><body align=\"left\" style=\" font-family:'MS Shell Dlg 2','MS Shell Dlg 2'; font-size:10pt; font-weight:400; font-style:normal;\">\n<p align=\"left\" style=\" margin-top:0px; margin-bottom:0px; margin-left:0px; margin-right:0px; -qt-block-indent:0; text-indent:0px;\"><span style=\" font-family:'MS Shell Dlg 2';\">Smart option manuual override</span></p></body></html>","FullID":"STC_SimulinkRequrementEditor:#1","HIndex":"0/0","IconType":"slreq-in-icon","Index":"1","IsExternal":false,"IsJustification":false,"IsTypeShadowed":false,"Keywords":[],"ModifiedBy":"chall","ModifiedOn":"21-Apr-2025 16:55:05","Parent":"STC_SimulinkRequrementEditor","Rationale":"","RefreshedOn":"N/A","ReqID":"ID-1","Revision":1,"SID":1,"SelfType":"Functional","Summary":"ManuualOveride","Type":"Functional","__##CustomAttNameList##__":[],"__##type##__":"slreq"},{"Children":[{"Children":[],"CreatedBy":"chall","CreatedOn":"21-Apr-2025 16:53:42","CustomID":"ID-2.1","Description":"<!DOCTYPE HTML PUBLIC \"-//W3C//DTD HTML 4.0//EN\" \"http://www.w3.org/TR/REC-html40/strict.dtd\">\n<html><head><meta name=\"qrichtext\" content=\"1\" /><style type=\"text/css\">\np, li { white-space: pre-wrap; }\n</style></head><body align=\"left\" style=\" font-family:'MS Shell Dlg 2','MS Shell Dlg 2'; font-size:10pt; font-weight:400; font-style:normal;\">\n<p align=\"left\" style=\" margin-top:0px; margin-bottom:0px; margin-left:0px; margin-right:0px; -qt-block-indent:0; text-indent:0px;\"><span style=\" font-family:'MS Shell Dlg 2';\">Second Switch it means road 2</span></p>\n<p align=\"left\" style=\"-qt-paragraph-type:empty; margin-top:0px; margin-bottom:0px; margin-left:0px; margin-right:0px; -qt-block-indent:0; text-indent:0px; font-family:'MS Shell Dlg 2';\"><br /></p></body></html>","FullID":"STC_SimulinkRequrementEditor:#7","HIndex":"0/1/0","IconType":"slreq-in-icon","Index":"2.1","IsExternal":false,"IsJustification":false,"IsTypeShadowed":false,"Keywords":[],"ModifiedBy":"chall","ModifiedOn":"21-Apr-2025 16:57:06","Parent":"STC_SimulinkRequrementEditor:#5","Rationale":"","RefreshedOn":"N/A","ReqID":"ID-2.1","Revision":1,"SID":7,"SelfType":"Functional","Summary":"Digital_S2","Type":"Functional","__##CustomAttNameList##__":[],"__##type##__":"slreq"}],"CreatedBy":"chall","CreatedOn":"21-Apr-2025 16:53:29","CustomID":"ID-2","Description":"<!DOCTYPE HTML PUBLIC \"-//W3C//DTD HTML 4.0//EN\" \"http://www.w3.org/TR/REC-html40/strict.dtd\">\n<html><head><meta name=\"qrichtext\" content=\"1\" /><style type=\"text/css\">\np, li { white-space: pre-wrap; }\n</style></head><body align=\"left\" style=\" font-family:'MS Shell Dlg 2','MS Shell Dlg 2'; font-size:10pt; font-weight:400; font-style:normal;\">\n<p align=\"left\" style=\" margin-top:0px; margin-bottom:0px; margin-left:0px; margin-right:0px; -qt-block-indent:0; text-indent:0px;\"><span style=\" font-family:'MS Shell Dlg 2';\">Digital_Switch for each road</span></p>\n<p align=\"left\" style=\"-qt-paragraph-type:empty; margin-top:0px; margin-bottom:0px; margin-left:0px; margin-right:0px; -qt-block-indent:0; text-indent:0px; font-family:'MS Shell Dlg 2';\"><br /></p>\n<p align=\"left\" style=\"-qt-paragraph-type:empty; margin-top:0px; margin-bottom:0px; margin-left:0px; margin-right:0px; -qt-block-indent:0; text-indent:0px; font-family:'MS Shell Dlg 2';\"><br /></p></body></html>","FullID":"STC_SimulinkRequrementEditor:#5","HIndex":"0/1","IconType":"slreq-in-icon","Index":"2","IsExternal":false,"IsJustification":false,"IsTypeShadowed":false,"Keywords":[],"ModifiedBy":"chall","ModifiedOn":"21-Apr-2025 16:56:19","Parent":"STC_SimulinkRequrementEditor","Rationale":"","RefreshedOn":"N/A","ReqID":"ID-2","Revision":1,"SID":5,"SelfType":"Functional","Summary":"Digital","Type":"Functional","__##CustomAttNameList##__":[],"__##type##__":"slreq"},{"Children":[{"Children":[],"CreatedBy":"chall","CreatedOn":"21-Apr-2025 16:53:24","CustomID":"ID-3.1","Description":"<!DOCTYPE HTML PUBLIC \"-//W3C//DTD HTML 4.0//EN\" \"http://www.w3.org/TR/REC-html40/strict.dtd\">\n<html><head><meta name=\"qrichtext\" content=\"1\" /><style type=\"text/css\">\np, li { white-space: pre-wrap; }\n</style></head><body align=\"left\" style=\" font-family:'MS Shell Dlg 2','MS Shell Dlg 2'; font-size:10pt; font-weight:400; font-style:normal;\">\n<p align=\"left\" style=\" margin-top:0px; margin-bottom:0px; margin-left:0px; margin-right:0px; -qt-block-indent:0; text-indent:0px;\"><span style=\" font-family:'MS Shell Dlg 2';\">Second Analog input2</span></p>\n<p align=\"left\" style=\"-qt-paragraph-type:empty; margin-top:0px; margin-bottom:0px; margin-left:0px; margin-right:0px; -qt-block-indent:0; text-indent:0px; font-family:'MS Shell Dlg 2';\"><br /></p></body></html>","FullID":"STC_SimulinkRequrementEditor:#3","HIndex":"0/2/0","IconType":"slreq-in-icon","Index":"3.1","IsExternal":false,"IsJustification":false,"IsTypeShadowed":false,"Keywords":[],"ModifiedBy":"chall","ModifiedOn":"21-Apr-2025 16:58:08","Parent":"STC_SimulinkRequrementEditor:#2","Rationale":"","RefreshedOn":"N/A","ReqID":"ID-3.1","Revision":1,"SID":3,"SelfType":"Functional","Summary":"Analog_input2","Type":"Functional","__##CustomAttNameList##__":[],"__##type##__":"slreq"},{"Children":[],"CreatedBy":"chall","CreatedOn":"21-Apr-2025 16:58:25","CustomID":"ID-3.2","Description":"<!DOCTYPE HTML PUBLIC \"-//W3C//DTD HTML 4.0//EN\" \"http://www.w3.org/TR/REC-html40/strict.dtd\">\n<html><head><meta name=\"qrichtext\" content=\"1\" /><style type=\"text/css\">\np, li { white-space: pre-wrap; }\n</style></head><body align=\"left\" style=\" font-family:'MS Shell Dlg 2','MS Shell Dlg 2'; font-size:10pt; font-weight:400; font-style:normal;\">\n<p align=\"left\" style=\" margin-top:0px; margin-bottom:0px; margin-left:0px; margin-right:0px; -qt-block-indent:0; text-indent:0px;\">Analog input road 3</p>\n<p align=\"left\" style=\"-qt-paragraph-type:empty; margin-top:0px; margin-bottom:0px; margin-left:0px; margin-right:0px; -qt-block-indent:0; text-indent:0px;\"><br /></p></body></html>","FullID":"STC_SimulinkRequrementEditor:#9","HIndex":"0/2/1","IconType":"slreq-in-icon","Index":"3.2","IsExternal":false,"IsJustification":false,"IsTypeShadowed":false,"Keywords":[],"ModifiedBy":"chall","ModifiedOn":"21-Apr-2025 16:58:57","Parent":"STC_SimulinkRequrementEditor:#2","Rationale":"","RefreshedOn":"N/A","ReqID":"ID-3.2","Revision":1,"SID":9,"SelfType":"Functional","Summary":"Analog_3","Type":"Functional","__##CustomAttNameList##__":[],"__##type##__":"slreq"}],"CreatedBy":"chall","CreatedOn":"21-Apr-2025 16:53:22","CustomID":"ID-3","Description":"<!DOCTYPE HTML PUBLIC \"-//W3C//DTD HTML 4.0//EN\" \"http://www.w3.org/TR/REC-html40/strict.dtd\">\n<html><head><meta name=\"qrichtext\" content=\"1\" /><style type=\"text/css\">\np, li { white-space: pre-wrap; }\n</style></head><body align=\"left\" style=\" font-family:'MS Shell Dlg 2','MS Shell Dlg 2'; font-size:10pt; font-weight:400; font-style:normal;\">\n<p align=\"left\" style=\" margin-top:0px; margin-bottom:0px; margin-left:0px; margin-right:0px; -qt-block-indent:0; text-indent:0px;\"><span style=\" font-family:'MS Shell Dlg 2';\">Analog_input1</span></p></body></html>","FullID":"STC_SimulinkRequrementEditor:#2","HIndex":"0/2","IconType":"slreq-in-icon","Index":"3","IsExternal":false,"IsJustification":false,"IsTypeShadowed":false,"Keywords":[],"ModifiedBy":"chall","ModifiedOn":"21-Apr-2025 16:57:36","Parent":"STC_SimulinkRequrementEditor","Rationale":"","RefreshedOn":"N/A","ReqID":"ID-3","Revision":1,"SID":2,"SelfType":"Functional","Summary":"Analog","Type":"Functional","__##CustomAttNameList##__":[],"__##type##__":"slreq"},{"Children":[],"CreatedBy":"chall","CreatedOn":"21-Apr-2025 16:53:46","CustomID":"ID-4","Description":"<!DOCTYPE HTML PUBLIC \"-//W3C//DTD HTML 4.0//EN\" \"http://www.w3.org/TR/REC-html40/strict.dtd\">\n<html><head><meta name=\"qrichtext\" content=\"1\" /><style type=\"text/css\">\np, li { white-space: pre-wrap; }\n</style></head><body align=\"left\" style=\" font-family:'MS Shell Dlg 2','MS Shell Dlg 2'; font-size:10pt; font-weight:400; font-style:normal;\">\n<p align=\"left\" style=\" margin-top:0px; margin-bottom:0px; margin-left:0px; margin-right:0px; -qt-block-indent:0; text-indent:0px;\">Smart traffic controller system </p>\n<p align=\"left\" style=\"-qt-paragraph-type:empty; margin-top:0px; margin-bottom:0px; margin-left:0px; margin-right:0px; -qt-block-indent:0; text-indent:0px;\"><br /></p></body></html>","FullID":"STC_SimulinkRequrementEditor:#8","HIndex":"0/3","IconType":"slreq-in-icon","Index":"4","IsExternal":false,"IsJustification":false,"IsTypeShadowed":false,"Keywords":[],"ModifiedBy":"chall","ModifiedOn":"21-Apr-2025 16:59:54","Parent":"STC_SimulinkRequrementEditor","Rationale":"","RefreshedOn":"N/A","ReqID":"ID-4","Revision":1,"SID":8,"SelfType":"Functional","Summary":"Smart_Traffic_Control","Type":"Functional","__##CustomAttNameList##__":[],"__##type##__":"slreq"}],"CreatedBy":"chall","CreatedOn":"21-Apr-2025 16:53:15","Description":"","Filepath":"C:\\Users\\chall\\OneDrive\\Desktop\\MBD_KPIT\\SmartTC_Project\\STC_Nova_task\\Requirement_Linking_STC\\STC_SimulinkRequrementEditor.slreqx","FullID":"STC_SimulinkRequrementEditor","HIndex":"0","IconType":"reqset-icon","IdDelimiter":".","IdPrefix":"","Index":"STC_SimulinkRequrementEditor","ModifiedBy":"chall","ModifiedOn":"21-Apr-2025 17:01:58","Name":"STC_SimulinkRequrementEditor","Revision":1,"__##CustomAttNameList##__":[],"__##type##__":"slreqset"}],"LinkSetInfo":[{"Artifact":"C:\\Users\\chall\\OneDrive\\Desktop\\MBD_KPIT\\SmartTC_Project\\STC_Nova_task\\Requirement_Linking_STC\\STC_Requirement_linking.slx","Children":[{"CreatedBy":"chall","CreatedOn":"21-Apr-2025 16:47:08","Description":"Task1","Destination":"@Simulink_requirement_item_1","DestinationChangeStatus":"Undecided","DestinationDomain":"linktype_rmi_excel","DestinationFullID":"https://d.docs.live.net/2f5c967ff34fd347/Desktop/MBD_KPIT/SmartTC_Project/STC_Nova_task/Requirement_Linking_STC/RequirementLinking_STC.xlsx@Simulink_requirement_item_1","DestinationIcon":"C:\\Program Files\\MATLAB\\R2024b\\toolbox\\shared\\reqmgt\\icons\\externalReq.png","DestinationIconType":"linktype-rmi-excel-icon","DestinationNavigateCmd":"http://127.0.0.1:31415/matlab/feval/rmi.navigate?arguments=[%22linktype_rmi_excel%22,%22https:%2F%2Fd.docs.live.net%2F2f5c967ff34fd347%2FDesktop%2FMBD_KPIT%2FSmartTC_Project%2FSTC_Nova_task%2FRequirement_Linking_STC%2FRequirementLinking_STC.xlsx%22,%22%40Simulink_requirement_item_1%22,%22%22]","DestinationSummary":"@Simulink_requirement_item_1","DestinationTargetType":"linktype-rmi-excel","DestinationTooltip":"https://d.docs.live.net/2f5c967ff34fd347/Desktop/MBD_KPIT/SmartTC_Project/STC_Nova_task/Requirement_Linking_STC/RequirementLinking_STC.xlsx","FullID":"STC_Requirement_linking:#1","HIndex":"0/0","IconType":"link-icon","Index":1,"IsDirectLink":true,"IsExternal":true,"Keywords":[],"Label":"Task1","ModifiedBy":"chall","ModifiedOn":"21-Apr-2025 16:47:08","Rationale":"","Revision":1,"SID":1,"Source":"Manuua_Override","SourceDomain":"linktype_rmi_simulink","SourceFullID":"STC_Requirement_linking:326","SourceIcon":"C:\\Program Files\\MATLAB\\R2024b\\toolbox\\shared\\reqmgt\\icons\\BlockIcon.png","SourceIconType":"simulink-block-icon","SourceSummary":"Manuua_Override","SourceTargetType":"simulink-block","SourceTooltip":"STC_Requirement_linking/Manuua_Override  (ToggleSwitchBlock)","Type":"Implements","TypeBackwardName":"Implemented by","TypeForwardName":"Implements","TypeName":"Implement","__##CustomAttNameList##__":[],"__##type##__":"sllink"},{"CreatedBy":"chall","CreatedOn":"21-Apr-2025 16:47:45","Description":"Task2","Destination":"@Simulink_requirement_item_2","DestinationChangeStatus":"Undecided","DestinationDomain":"linktype_rmi_excel","DestinationFullID":"https://d.docs.live.net/2f5c967ff34fd347/Desktop/MBD_KPIT/SmartTC_Project/STC_Nova_task/Requirement_Linking_STC/RequirementLinking_STC.xlsx@Simulink_requirement_item_2","DestinationIcon":"C:\\Program Files\\MATLAB\\R2024b\\toolbox\\shared\\reqmgt\\icons\\externalReq.png","DestinationIconType":"linktype-rmi-excel-icon","DestinationNavigateCmd":"http://127.0.0.1:31415/matlab/feval/rmi.navigate?arguments=[%22linktype_rmi_excel%22,%22https:%2F%2Fd.docs.live.net%2F2f5c967ff34fd347%2FDesktop%2FMBD_KPIT%2FSmartTC_Project%2FSTC_Nova_task%2FRequirement_Linking_STC%2FRequirementLinking_STC.xlsx%22,%22%40Simulink_requirement_item_2%22,%22%22]","DestinationSummary":"@Simulink_requirement_item_2","DestinationTargetType":"linktype-rmi-excel","DestinationTooltip":"https://d.docs.live.net/2f5c967ff34fd347/Desktop/MBD_KPIT/SmartTC_Project/STC_Nova_task/Requirement_Linking_STC/RequirementLinking_STC.xlsx","FullID":"STC_Requirement_linking:#2","HIndex":"0/1","IconType":"link-icon","Index":2,"IsDirectLink":true,"IsExternal":true,"Keywords":[],"Label":"Task2","ModifiedBy":"chall","ModifiedOn":"21-Apr-2025 16:47:45","Rationale":"","Revision":1,"SID":2,"Source":"DIgital_ip_Road1","SourceDomain":"linktype_rmi_simulink","SourceFullID":"STC_Requirement_linking:323","SourceIcon":"C:\\Program Files\\MATLAB\\R2024b\\toolbox\\shared\\reqmgt\\icons\\BlockIcon.png","SourceIconType":"simulink-block-icon","SourceSummary":"DIgital_ip_Road1","SourceTargetType":"simulink-block","SourceTooltip":"STC_Requirement_linking/DIgital_ip_Road1  (CustomTuningWebBlock)","Type":"Implements","TypeBackwardName":"Implemented by","TypeForwardName":"Implements","TypeName":"Implement","__##CustomAttNameList##__":[],"__##type##__":"sllink"},{"CreatedBy":"chall","CreatedOn":"21-Apr-2025 16:48:00","Description":"Task3","Destination":"@Simulink_requirement_item_3","DestinationChangeStatus":"Undecided","DestinationDomain":"linktype_rmi_excel","DestinationFullID":"https://d.docs.live.net/2f5c967ff34fd347/Desktop/MBD_KPIT/SmartTC_Project/STC_Nova_task/Requirement_Linking_STC/RequirementLinking_STC.xlsx@Simulink_requirement_item_3","DestinationIcon":"C:\\Program Files\\MATLAB\\R2024b\\toolbox\\shared\\reqmgt\\icons\\externalReq.png","DestinationIconType":"linktype-rmi-excel-icon","DestinationNavigateCmd":"http://127.0.0.1:31415/matlab/feval/rmi.navigate?arguments=[%22linktype_rmi_excel%22,%22https:%2F%2Fd.docs.live.net%2F2f5c967ff34fd347%2FDesktop%2FMBD_KPIT%2FSmartTC_Project%2FSTC_Nova_task%2FRequirement_Linking_STC%2FRequirementLinking_STC.xlsx%22,%22%40Simulink_requirement_item_3%22,%22%22]","DestinationSummary":"@Simulink_requirement_item_3","DestinationTargetType":"linktype-rmi-excel","DestinationTooltip":"https://d.docs.live.net/2f5c967ff34fd347/Desktop/MBD_KPIT/SmartTC_Project/STC_Nova_task/Requirement_Linking_STC/RequirementLinking_STC.xlsx","FullID":"STC_Requirement_linking:#3","HIndex":"0/2","IconType":"link-icon","Index":3,"IsDirectLink":true,"IsExternal":true,"Keywords":[],"Label":"Task3","ModifiedBy":"chall","ModifiedOn":"21-Apr-2025 16:48:00","Rationale":"","Revision":1,"SID":3,"Source":"Smart_Trafic_Control","SourceDomain":"linktype_rmi_simulink","SourceFullID":"STC_Requirement_linking:331","SourceIcon":"C:\\Program Files\\MATLAB\\R2024b\\toolbox\\shared\\dastudio\\resources\\SubSystemIcon.png","SourceIconType":"simulink-subsystem-icon","SourceSummary":"Smart_Trafic_Control","SourceTargetType":"simulink-subsystem","SourceTooltip":"STC_Requirement_linking/Smart_Trafic_Control  (SubSystem)","Type":"Implements","TypeBackwardName":"Implemented by","TypeForwardName":"Implements","TypeName":"Implement","__##CustomAttNameList##__":[],"__##type##__":"sllink"},{"CreatedBy":"chall","CreatedOn":"21-Apr-2025 16:48:14","Description":"Task4","Destination":"@Simulink_requirement_item_4","DestinationChangeStatus":"Undecided","DestinationDomain":"linktype_rmi_excel","DestinationFullID":"https://d.docs.live.net/2f5c967ff34fd347/Desktop/MBD_KPIT/SmartTC_Project/STC_Nova_task/Requirement_Linking_STC/RequirementLinking_STC.xlsx@Simulink_requirement_item_4","DestinationIcon":"C:\\Program Files\\MATLAB\\R2024b\\toolbox\\shared\\reqmgt\\icons\\externalReq.png","DestinationIconType":"linktype-rmi-excel-icon","DestinationNavigateCmd":"http://127.0.0.1:31415/matlab/feval/rmi.navigate?arguments=[%22linktype_rmi_excel%22,%22https:%2F%2Fd.docs.live.net%2F2f5c967ff34fd347%2FDesktop%2FMBD_KPIT%2FSmartTC_Project%2FSTC_Nova_task%2FRequirement_Linking_STC%2FRequirementLinking_STC.xlsx%22,%22%40Simulink_requirement_item_4%22,%22%22]","DestinationSummary":"@Simulink_requirement_item_4","DestinationTargetType":"linktype-rmi-excel","DestinationTooltip":"https://d.docs.live.net/2f5c967ff34fd347/Desktop/MBD_KPIT/SmartTC_Project/STC_Nova_task/Requirement_Linking_STC/RequirementLinking_STC.xlsx","FullID":"STC_Requirement_linking:#4","HIndex":"0/3","IconType":"link-icon","Index":4,"IsDirectLink":true,"IsExternal":true,"Keywords":[],"Label":"Task4","ModifiedBy":"chall","ModifiedOn":"21-Apr-2025 16:48:14","Rationale":"","Revision":1,"SID":4,"Source":"Smart_Trafic_Control","SourceDomain":"linktype_rmi_simulink","SourceFullID":"STC_Requirement_linking:331","SourceIcon":"C:\\Program Files\\MATLAB\\R2024b\\toolbox\\shared\\dastudio\\resources\\SubSystemIcon.png","SourceIconType":"simulink-subsystem-icon","SourceSummary":"Smart_Trafic_Control","SourceTargetType":"simulink-subsystem","SourceTooltip":"STC_Requirement_linking/Smart_Trafic_Control  (SubSystem)","Type":"Implements","TypeBackwardName":"Implemented by","TypeForwardName":"Implements","TypeName":"Implement","__##CustomAttNameList##__":[],"__##type##__":"sllink"},{"CreatedBy":"chall","CreatedOn":"21-Apr-2025 16:48:22","Description":"Task5","Destination":"@Simulink_requirement_item_5","DestinationChangeStatus":"Undecided","DestinationDomain":"linktype_rmi_excel","DestinationFullID":"https://d.docs.live.net/2f5c967ff34fd347/Desktop/MBD_KPIT/SmartTC_Project/STC_Nova_task/Requirement_Linking_STC/RequirementLinking_STC.xlsx@Simulink_requirement_item_5","DestinationIcon":"C:\\Program Files\\MATLAB\\R2024b\\toolbox\\shared\\reqmgt\\icons\\externalReq.png","DestinationIconType":"linktype-rmi-excel-icon","DestinationNavigateCmd":"http://127.0.0.1:31415/matlab/feval/rmi.navigate?arguments=[%22linktype_rmi_excel%22,%22https:%2F%2Fd.docs.live.net%2F2f5c967ff34fd347%2FDesktop%2FMBD_KPIT%2FSmartTC_Project%2FSTC_Nova_task%2FRequirement_Linking_STC%2FRequirementLinking_STC.xlsx%22,%22%40Simulink_requirement_item_5%22,%22%22]","DestinationSummary":"@Simulink_requirement_item_5","DestinationTargetType":"linktype-rmi-excel","DestinationTooltip":"https://d.docs.live.net/2f5c967ff34fd347/Desktop/MBD_KPIT/SmartTC_Project/STC_Nova_task/Requirement_Linking_STC/RequirementLinking_STC.xlsx","FullID":"STC_Requirement_linking:#5","HIndex":"0/4","IconType":"link-icon","Index":5,"IsDirectLink":true,"IsExternal":true,"Keywords":[],"Label":"Task5","ModifiedBy":"chall","ModifiedOn":"21-Apr-2025 16:48:22","Rationale":"","Revision":1,"SID":5,"Source":"Analog Road_1","SourceDomain":"linktype_rmi_simulink","SourceFullID":"STC_Requirement_linking:332","SourceIcon":"C:\\Program Files\\MATLAB\\R2024b\\toolbox\\shared\\reqmgt\\icons\\BlockIcon.png","SourceIconType":"simulink-block-icon","SourceSummary":"Analog Road_1","SourceTargetType":"simulink-block","SourceTooltip":"STC_Requirement_linking/Analog Road_1  (KnobBlock)","Type":"Implements","TypeBackwardName":"Implemented by","TypeForwardName":"Implements","TypeName":"Implement","__##CustomAttNameList##__":[],"__##type##__":"sllink"},{"CreatedBy":"chall","CreatedOn":"21-Apr-2025 16:48:35","Description":"Task6","Destination":"@Simulink_requirement_item_6","DestinationChangeStatus":"Undecided","DestinationDomain":"linktype_rmi_excel","DestinationFullID":"https://d.docs.live.net/2f5c967ff34fd347/Desktop/MBD_KPIT/SmartTC_Project/STC_Nova_task/Requirement_Linking_STC/RequirementLinking_STC.xlsx@Simulink_requirement_item_6","DestinationIcon":"C:\\Program Files\\MATLAB\\R2024b\\toolbox\\shared\\reqmgt\\icons\\externalReq.png","DestinationIconType":"linktype-rmi-excel-icon","DestinationNavigateCmd":"http://127.0.0.1:31415/matlab/feval/rmi.navigate?arguments=[%22linktype_rmi_excel%22,%22https:%2F%2Fd.docs.live.net%2F2f5c967ff34fd347%2FDesktop%2FMBD_KPIT%2FSmartTC_Project%2FSTC_Nova_task%2FRequirement_Linking_STC%2FRequirementLinking_STC.xlsx%22,%22%40Simulink_requirement_item_6%22,%22%22]","DestinationSummary":"@Simulink_requirement_item_6","DestinationTargetType":"linktype-rmi-excel","DestinationTooltip":"https://d.docs.live.net/2f5c967ff34fd347/Desktop/MBD_KPIT/SmartTC_Project/STC_Nova_task/Requirement_Linking_STC/RequirementLinking_STC.xlsx","FullID":"STC_Requirement_linking:#6","HIndex":"0/5","IconType":"link-icon","Index":6,"IsDirectLink":true,"IsExternal":true,"Keywords":[],"Label":"Task6","ModifiedBy":"chall","ModifiedOn":"21-Apr-2025 16:48:35","Rationale":"","Revision":1,"SID":6,"Source":"ANalog Road_2","SourceDomain":"linktype_rmi_simulink","SourceFullID":"STC_Requirement_linking:333","SourceIcon":"C:\\Program Files\\MATLAB\\R2024b\\toolbox\\shared\\reqmgt\\icons\\BlockIcon.png","SourceIconType":"simulink-block-icon","SourceSummary":"ANalog Road_2","SourceTargetType":"simulink-block","SourceTooltip":"STC_Requirement_linking/ANalog Road_2  (KnobBlock)","Type":"Implements","TypeBackwardName":"Implemented by","TypeForwardName":"Implements","TypeName":"Implement","__##CustomAttNameList##__":[],"__##type##__":"sllink"},{"CreatedBy":"chall","CreatedOn":"21-Apr-2025 16:48:45","Description":"Task7","Destination":"@Simulink_requirement_item_7","DestinationChangeStatus":"Undecided","DestinationDomain":"linktype_rmi_excel","DestinationFullID":"https://d.docs.live.net/2f5c967ff34fd347/Desktop/MBD_KPIT/SmartTC_Project/STC_Nova_task/Requirement_Linking_STC/RequirementLinking_STC.xlsx@Simulink_requirement_item_7","DestinationIcon":"C:\\Program Files\\MATLAB\\R2024b\\toolbox\\shared\\reqmgt\\icons\\externalReq.png","DestinationIconType":"linktype-rmi-excel-icon","DestinationNavigateCmd":"http://127.0.0.1:31415/matlab/feval/rmi.navigate?arguments=[%22linktype_rmi_excel%22,%22https:%2F%2Fd.docs.live.net%2F2f5c967ff34fd347%2FDesktop%2FMBD_KPIT%2FSmartTC_Project%2FSTC_Nova_task%2FRequirement_Linking_STC%2FRequirementLinking_STC.xlsx%22,%22%40Simulink_requirement_item_7%22,%22%22]","DestinationSummary":"@Simulink_requirement_item_7","DestinationTargetType":"linktype-rmi-excel","DestinationTooltip":"https://d.docs.live.net/2f5c967ff34fd347/Desktop/MBD_KPIT/SmartTC_Project/STC_Nova_task/Requirement_Linking_STC/RequirementLinking_STC.xlsx","FullID":"STC_Requirement_linking:#7","HIndex":"0/6","IconType":"link-icon","Index":7,"IsDirectLink":true,"IsExternal":true,"Keywords":[],"Label":"Task7","ModifiedBy":"chall","ModifiedOn":"21-Apr-2025 16:48:45","Rationale":"","Revision":1,"SID":7,"Source":"DIgital_ip_Road2","SourceDomain":"linktype_rmi_simulink","SourceFullID":"STC_Requirement_linking:324","SourceIcon":"C:\\Program Files\\MATLAB\\R2024b\\toolbox\\shared\\reqmgt\\icons\\BlockIcon.png","SourceIconType":"simulink-block-icon","SourceSummary":"DIgital_ip_Road2","SourceTargetType":"simulink-block","SourceTooltip":"STC_Requirement_linking/DIgital_ip_Road2  (CustomTuningWebBlock)","Type":"Implements","TypeBackwardName":"Implemented by","TypeForwardName":"Implements","TypeName":"Implement","__##CustomAttNameList##__":[],"__##type##__":"sllink"},{"CreatedBy":"chall","CreatedOn":"21-Apr-2025 16:48:56","Description":"Task8","Destination":"@Simulink_requirement_item_8","DestinationChangeStatus":"Undecided","DestinationDomain":"linktype_rmi_excel","DestinationFullID":"https://d.docs.live.net/2f5c967ff34fd347/Desktop/MBD_KPIT/SmartTC_Project/STC_Nova_task/Requirement_Linking_STC/RequirementLinking_STC.xlsx@Simulink_requirement_item_8","DestinationIcon":"C:\\Program Files\\MATLAB\\R2024b\\toolbox\\shared\\reqmgt\\icons\\externalReq.png","DestinationIconType":"linktype-rmi-excel-icon","DestinationNavigateCmd":"http://127.0.0.1:31415/matlab/feval/rmi.navigate?arguments=[%22linktype_rmi_excel%22,%22https:%2F%2Fd.docs.live.net%2F2f5c967ff34fd347%2FDesktop%2FMBD_KPIT%2FSmartTC_Project%2FSTC_Nova_task%2FRequirement_Linking_STC%2FRequirementLinking_STC.xlsx%22,%22%40Simulink_requirement_item_8%22,%22%22]","DestinationSummary":"@Simulink_requirement_item_8","DestinationTargetType":"linktype-rmi-excel","DestinationTooltip":"https://d.docs.live.net/2f5c967ff34fd347/Desktop/MBD_KPIT/SmartTC_Project/STC_Nova_task/Requirement_Linking_STC/RequirementLinking_STC.xlsx","FullID":"STC_Requirement_linking:#8","HIndex":"0/7","IconType":"link-icon","Index":8,"IsDirectLink":true,"IsExternal":true,"Keywords":[],"Label":"Task8","ModifiedBy":"chall","ModifiedOn":"21-Apr-2025 16:48:56","Rationale":"","Revision":1,"SID":8,"Source":"Lamp","SourceDomain":"linktype_rmi_simulink","SourceFullID":"STC_Requirement_linking:307","SourceIcon":"C:\\Program Files\\MATLAB\\R2024b\\toolbox\\shared\\reqmgt\\icons\\BlockIcon.png","SourceIconType":"simulink-block-icon","SourceSummary":"Lamp","SourceTargetType":"simulink-block","SourceTooltip":"STC_Requirement_linking/Lamp  (LampBlock)","Type":"Implements","TypeBackwardName":"Implemented by","TypeForwardName":"Implements","TypeName":"Implement","__##CustomAttNameList##__":[],"__##type##__":"sllink"},{"CreatedBy":"chall","CreatedOn":"21-Apr-2025 17:00:32","Description":"","Destination":"ID-1 ManuualOveride","DestinationChangeStatus":"Undecided","DestinationDomain":"linktype_rmi_slreq","DestinationFullID":"STC_SimulinkRequrementEditor:#1","DestinationIcon":"C:\\Program Files\\MATLAB\\R2024b\\toolbox\\shared\\reqmgt\\icons\\mwReq.png","DestinationIconType":"slreq-in-icon","DestinationSummary":"ID-1 ManuualOveride","DestinationTargetType":"slreq-in","DestinationTooltip":"C:\\Users\\chall\\OneDrive\\Desktop\\MBD_KPIT\\SmartTC_Project\\STC_Nova_task\\Requirement_Linking_STC\\STC_SimulinkRequrementEditor.slreqx:1","FullID":"STC_Requirement_linking:#9","HIndex":"0/8","IconType":"link-icon","Index":9,"IsDirectLink":false,"IsExternal":false,"Keywords":[],"Label":"","ModifiedBy":"chall","ModifiedOn":"21-Apr-2025 17:00:32","Rationale":"","Revision":1,"SID":9,"Source":"Manuua_Override","SourceDomain":"linktype_rmi_simulink","SourceFullID":"STC_Requirement_linking:326","SourceIcon":"C:\\Program Files\\MATLAB\\R2024b\\toolbox\\shared\\reqmgt\\icons\\BlockIcon.png","SourceIconType":"simulink-block-icon","SourceSummary":"Manuua_Override","SourceTargetType":"simulink-block","SourceTooltip":"STC_Requirement_linking/Manuua_Override  (ToggleSwitchBlock)","Type":"Implements","TypeBackwardName":"Implemented by","TypeForwardName":"Implements","TypeName":"Implement","__##CustomAttNameList##__":[],"__##type##__":"sllink"},{"CreatedBy":"chall","CreatedOn":"21-Apr-2025 17:00:57","Description":"","Destination":"ID-2 Digital","DestinationChangeStatus":"Undecided","DestinationDomain":"linktype_rmi_slreq","DestinationFullID":"STC_SimulinkRequrementEditor:#5","DestinationIcon":"C:\\Program Files\\MATLAB\\R2024b\\toolbox\\shared\\reqmgt\\icons\\mwReq.png","DestinationIconType":"slreq-in-icon","DestinationSummary":"ID-2 Digital","DestinationTargetType":"slreq-in","DestinationTooltip":"C:\\Users\\chall\\OneDrive\\Desktop\\MBD_KPIT\\SmartTC_Project\\STC_Nova_task\\Requirement_Linking_STC\\STC_SimulinkRequrementEditor.slreqx:5","FullID":"STC_Requirement_linking:#10","HIndex":"0/9","IconType":"link-icon","Index":10,"IsDirectLink":false,"IsExternal":false,"Keywords":[],"Label":"","ModifiedBy":"chall","ModifiedOn":"21-Apr-2025 17:00:57","Rationale":"","Revision":1,"SID":10,"Source":"DIgital_ip_Road1","SourceDomain":"linktype_rmi_simulink","SourceFullID":"STC_Requirement_linking:323","SourceIcon":"C:\\Program Files\\MATLAB\\R2024b\\toolbox\\shared\\reqmgt\\icons\\BlockIcon.png","SourceIconType":"simulink-block-icon","SourceSummary":"DIgital_ip_Road1","SourceTargetType":"simulink-block","SourceTooltip":"STC_Requirement_linking/DIgital_ip_Road1  (CustomTuningWebBlock)","Type":"Implements","TypeBackwardName":"Implemented by","TypeForwardName":"Implements","TypeName":"Implement","__##CustomAttNameList##__":[],"__##type##__":"sllink"},{"CreatedBy":"chall","CreatedOn":"21-Apr-2025 17:01:06","Description":"","Destination":"ID-2.1 Digital_S2","DestinationChangeStatus":"Undecided","DestinationDomain":"linktype_rmi_slreq","DestinationFullID":"STC_SimulinkRequrementEditor:#7","DestinationIcon":"C:\\Program Files\\MATLAB\\R2024b\\toolbox\\shared\\reqmgt\\icons\\mwReq.png","DestinationIconType":"slreq-in-icon","DestinationSummary":"ID-2.1 Digital_S2","DestinationTargetType":"slreq-in","DestinationTooltip":"C:\\Users\\chall\\OneDrive\\Desktop\\MBD_KPIT\\SmartTC_Project\\STC_Nova_task\\Requirement_Linking_STC\\STC_SimulinkRequrementEditor.slreqx:7","FullID":"STC_Requirement_linking:#11","HIndex":"0/10","IconType":"link-icon","Index":11,"IsDirectLink":false,"IsExternal":false,"Keywords":[],"Label":"","ModifiedBy":"chall","ModifiedOn":"21-Apr-2025 17:01:06","Rationale":"","Revision":1,"SID":11,"Source":"DIgital_ip_Road2","SourceDomain":"linktype_rmi_simulink","SourceFullID":"STC_Requirement_linking:324","SourceIcon":"C:\\Program Files\\MATLAB\\R2024b\\toolbox\\shared\\reqmgt\\icons\\BlockIcon.png","SourceIconType":"simulink-block-icon","SourceSummary":"DIgital_ip_Road2","SourceTargetType":"simulink-block","SourceTooltip":"STC_Requirement_linking/DIgital_ip_Road2  (CustomTuningWebBlock)","Type":"Implements","TypeBackwardName":"Implemented by","TypeForwardName":"Implements","TypeName":"Implement","__##CustomAttNameList##__":[],"__##type##__":"sllink"},{"CreatedBy":"chall","CreatedOn":"21-Apr-2025 17:01:14","Description":"","Destination":"ID-3 Analog","DestinationChangeStatus":"Undecided","DestinationDomain":"linktype_rmi_slreq","DestinationFullID":"STC_SimulinkRequrementEditor:#2","DestinationIcon":"C:\\Program Files\\MATLAB\\R2024b\\toolbox\\shared\\reqmgt\\icons\\mwReq.png","DestinationIconType":"slreq-in-icon","DestinationSummary":"ID-3 Analog","DestinationTargetType":"slreq-in","DestinationTooltip":"C:\\Users\\chall\\OneDrive\\Desktop\\MBD_KPIT\\SmartTC_Project\\STC_Nova_task\\Requirement_Linking_STC\\STC_SimulinkRequrementEditor.slreqx:2","FullID":"STC_Requirement_linking:#12","HIndex":"0/11","IconType":"link-icon","Index":12,"IsDirectLink":false,"IsExternal":false,"Keywords":[],"Label":"","ModifiedBy":"chall","ModifiedOn":"21-Apr-2025 17:01:14","Rationale":"","Revision":1,"SID":12,"Source":"Analog Road_1","SourceDomain":"linktype_rmi_simulink","SourceFullID":"STC_Requirement_linking:332","SourceIcon":"C:\\Program Files\\MATLAB\\R2024b\\toolbox\\shared\\reqmgt\\icons\\BlockIcon.png","SourceIconType":"simulink-block-icon","SourceSummary":"Analog Road_1","SourceTargetType":"simulink-block","SourceTooltip":"STC_Requirement_linking/Analog Road_1  (KnobBlock)","Type":"Implements","TypeBackwardName":"Implemented by","TypeForwardName":"Implements","TypeName":"Implement","__##CustomAttNameList##__":[],"__##type##__":"sllink"},{"CreatedBy":"chall","CreatedOn":"21-Apr-2025 17:01:20","Description":"","Destination":"ID-3.1 Analog_input2","DestinationChangeStatus":"Undecided","DestinationDomain":"linktype_rmi_slreq","DestinationFullID":"STC_SimulinkRequrementEditor:#3","DestinationIcon":"C:\\Program Files\\MATLAB\\R2024b\\toolbox\\shared\\reqmgt\\icons\\mwReq.png","DestinationIconType":"slreq-in-icon","DestinationSummary":"ID-3.1 Analog_input2","DestinationTargetType":"slreq-in","DestinationTooltip":"C:\\Users\\chall\\OneDrive\\Desktop\\MBD_KPIT\\SmartTC_Project\\STC_Nova_task\\Requirement_Linking_STC\\STC_SimulinkRequrementEditor.slreqx:3","FullID":"STC_Requirement_linking:#13","HIndex":"0/12","IconType":"link-icon","Index":13,"IsDirectLink":false,"IsExternal":false,"Keywords":[],"Label":"","ModifiedBy":"chall","ModifiedOn":"21-Apr-2025 17:01:20","Rationale":"","Revision":1,"SID":13,"Source":"Analog Road_1","SourceDomain":"linktype_rmi_simulink","SourceFullID":"STC_Requirement_linking:332","SourceIcon":"C:\\Program Files\\MATLAB\\R2024b\\toolbox\\shared\\reqmgt\\icons\\BlockIcon.png","SourceIconType":"simulink-block-icon","SourceSummary":"Analog Road_1","SourceTargetType":"simulink-block","SourceTooltip":"STC_Requirement_linking/Analog Road_1  (KnobBlock)","Type":"Implements","TypeBackwardName":"Implemented by","TypeForwardName":"Implements","TypeName":"Implement","__##CustomAttNameList##__":[],"__##type##__":"sllink"},{"CreatedBy":"chall","CreatedOn":"21-Apr-2025 17:01:38","Description":"","Destination":"ID-3.2 Analog_3","DestinationChangeStatus":"Undecided","DestinationDomain":"linktype_rmi_slreq","DestinationFullID":"STC_SimulinkRequrementEditor:#9","DestinationIcon":"C:\\Program Files\\MATLAB\\R2024b\\toolbox\\shared\\reqmgt\\icons\\mwReq.png","DestinationIconType":"slreq-in-icon","DestinationSummary":"ID-3.2 Analog_3","DestinationTargetType":"slreq-in","DestinationTooltip":"C:\\Users\\chall\\OneDrive\\Desktop\\MBD_KPIT\\SmartTC_Project\\STC_Nova_task\\Requirement_Linking_STC\\STC_SimulinkRequrementEditor.slreqx:9","FullID":"STC_Requirement_linking:#14","HIndex":"0/13","IconType":"link-icon","Index":14,"IsDirectLink":false,"IsExternal":false,"Keywords":[],"Label":"","ModifiedBy":"chall","ModifiedOn":"21-Apr-2025 17:01:38","Rationale":"","Revision":1,"SID":14,"Source":"Analog Road_3","SourceDomain":"linktype_rmi_simulink","SourceFullID":"STC_Requirement_linking:334","SourceIcon":"C:\\Program Files\\MATLAB\\R2024b\\toolbox\\shared\\reqmgt\\icons\\BlockIcon.png","SourceIconType":"simulink-block-icon","SourceSummary":"Analog Road_3","SourceTargetType":"simulink-block","SourceTooltip":"STC_Requirement_linking/Analog Road_3  (KnobBlock)","Type":"Implements","TypeBackwardName":"Implemented by","TypeForwardName":"Implements","TypeName":"Implement","__##CustomAttNameList##__":[],"__##type##__":"sllink"},{"CreatedBy":"chall","CreatedOn":"21-Apr-2025 17:01:48","Description":"","Destination":"ID-4 Smart_Traffic_Control","DestinationChangeStatus":"Undecided","DestinationDomain":"linktype_rmi_slreq","DestinationFullID":"STC_SimulinkRequrementEditor:#8","DestinationIcon":"C:\\Program Files\\MATLAB\\R2024b\\toolbox\\shared\\reqmgt\\icons\\mwReq.png","DestinationIconType":"slreq-in-icon","DestinationSummary":"ID-4 Smart_Traffic_Control","DestinationTargetType":"slreq-in","DestinationTooltip":"C:\\Users\\chall\\OneDrive\\Desktop\\MBD_KPIT\\SmartTC_Project\\STC_Nova_task\\Requirement_Linking_STC\\STC_SimulinkRequrementEditor.slreqx:8","FullID":"STC_Requirement_linking:#15","HIndex":"0/14","IconType":"link-icon","Index":15,"IsDirectLink":false,"IsExternal":false,"Keywords":[],"Label":"","ModifiedBy":"chall","ModifiedOn":"21-Apr-2025 17:01:48","Rationale":"","Revision":1,"SID":15,"Source":"Smart_Trafic_Control","SourceDomain":"linktype_rmi_simulink","SourceFullID":"STC_Requirement_linking:331","SourceIcon":"C:\\Program Files\\MATLAB\\R2024b\\toolbox\\shared\\dastudio\\resources\\SubSystemIcon.png","SourceIconType":"simulink-subsystem-icon","SourceSummary":"Smart_Trafic_Control","SourceTargetType":"simulink-subsystem","SourceTooltip":"STC_Requirement_linking/Smart_Trafic_Control  (SubSystem)","Type":"Implements","TypeBackwardName":"Implemented by","TypeForwardName":"Implements","TypeName":"Implement","__##CustomAttNameList##__":[],"__##type##__":"sllink"}],"CreatedBy":"chall","CreatedOn":"21-Apr-2025 16:47:07","Description":"","Destination":"Changed destination: 0/15","Domain":"linktype_rmi_simulink","Filepath":"C:\\Users\\chall\\OneDrive\\Desktop\\MBD_KPIT\\SmartTC_Project\\STC_Nova_task\\Requirement_Linking_STC\\STC_Requirement_linking~mdl.slmx","FullID":"STC_Requirement_linking","HIndex":"0","IconType":"linkset-icon","Index":0,"Label":"STC_Requirement_linking~mdl.slmx","ModifiedBy":"chall","ModifiedOn":"21-Apr-2025 16:47:07","Name":"STC_Requirement_linking","Revision":1,"Source":"Changed source: 0/15","__##CustomAttNameList##__":[],"__##type##__":"sllinkset"}],"SourceDataInfo":{"STC_Requirement_linking:307":{"Confirm":"","Derive":"","Implement":["STC_Requirement_linking:#8"],"Refine":"","Relate":"","Verify":""},"STC_Requirement_linking:323":{"Confirm":"","Derive":"","Implement":["STC_Requirement_linking:#2","STC_Requirement_linking:#10"],"Refine":"","Relate":"","Verify":""},"STC_Requirement_linking:324":{"Confirm":"","Derive":"","Implement":["STC_Requirement_linking:#7","STC_Requirement_linking:#11"],"Refine":"","Relate":"","Verify":""},"STC_Requirement_linking:326":{"Confirm":"","Derive":"","Implement":["STC_Requirement_linking:#1","STC_Requirement_linking:#9"],"Refine":"","Relate":"","Verify":""},"STC_Requirement_linking:331":{"Confirm":"","Derive":"","Implement":["STC_Requirement_linking:#3","STC_Requirement_linking:#4","STC_Requirement_linking:#15"],"Refine":"","Relate":"","Verify":""},"STC_Requirement_linking:332":{"Confirm":"","Derive":"","Implement":["STC_Requirement_linking:#5","STC_Requirement_linking:#12","STC_Requirement_linking:#13"],"Refine":"","Relate":"","Verify":""},"STC_Requirement_linking:333":{"Confirm":"","Derive":"","Implement":["STC_Requirement_linking:#6"],"Refine":"","Relate":"","Verify":""},"STC_Requirement_linking:334":{"Confirm":"","Derive":"","Implement":["STC_Requirement_linking:#14"],"Refine":"","Relate":"","Verify":""}},"LinkDataInfo":{"STC_Requirement_linking:#1":{"CreatedBy":"chall","CreatedOn":"21-Apr-2025 16:47:08","Description":"Task1","Destination":"@Simulink_requirement_item_1","DestinationChangeStatus":"Undecided","DestinationDomain":"linktype_rmi_excel","DestinationFullID":"https://d.docs.live.net/2f5c967ff34fd347/Desktop/MBD_KPIT/SmartTC_Project/STC_Nova_task/Requirement_Linking_STC/RequirementLinking_STC.xlsx@Simulink_requirement_item_1","DestinationIcon":"C:\\Program Files\\MATLAB\\R2024b\\toolbox\\shared\\reqmgt\\icons\\externalReq.png","DestinationIconType":"linktype-rmi-excel-icon","DestinationNavigateCmd":"http://127.0.0.1:31415/matlab/feval/rmi.navigate?arguments=[%22linktype_rmi_excel%22,%22https:%2F%2Fd.docs.live.net%2F2f5c967ff34fd347%2FDesktop%2FMBD_KPIT%2FSmartTC_Project%2FSTC_Nova_task%2FRequirement_Linking_STC%2FRequirementLinking_STC.xlsx%22,%22%40Simulink_requirement_item_1%22,%22%22]","DestinationSummary":"@Simulink_requirement_item_1","DestinationTargetType":"linktype-rmi-excel","DestinationTooltip":"https://d.docs.live.net/2f5c967ff34fd347/Desktop/MBD_KPIT/SmartTC_Project/STC_Nova_task/Requirement_Linking_STC/RequirementLinking_STC.xlsx","FullID":"STC_Requirement_linking:#1","HIndex":"0/0","IconType":"link-icon","Index":1,"IsDirectLink":true,"IsExternal":true,"Keywords":[],"Label":"Task1","ModifiedBy":"chall","ModifiedOn":"21-Apr-2025 16:47:08","Rationale":"","Revision":1,"SID":1,"Source":"Manuua_Override","SourceDomain":"linktype_rmi_simulink","SourceFullID":"STC_Requirement_linking:326","SourceIcon":"C:\\Program Files\\MATLAB\\R2024b\\toolbox\\shared\\reqmgt\\icons\\BlockIcon.png","SourceIconType":"simulink-block-icon","SourceSummary":"Manuua_Override","SourceTargetType":"simulink-block","SourceTooltip":"STC_Requirement_linking/Manuua_Override  (ToggleSwitchBlock)","Type":"Implements","TypeBackwardName":"Implemented by","TypeForwardName":"Implements","TypeName":"Implement","__##CustomAttNameList##__":[],"__##type##__":"sllink"},"STC_Requirement_linking:#10":{"CreatedBy":"chall","CreatedOn":"21-Apr-2025 17:00:57","Description":"","Destination":"ID-2 Digital","DestinationChangeStatus":"Undecided","DestinationDomain":"linktype_rmi_slreq","DestinationFullID":"STC_SimulinkRequrementEditor:#5","DestinationIcon":"C:\\Program Files\\MATLAB\\R2024b\\toolbox\\shared\\reqmgt\\icons\\mwReq.png","DestinationIconType":"slreq-in-icon","DestinationSummary":"ID-2 Digital","DestinationTargetType":"slreq-in","DestinationTooltip":"C:\\Users\\chall\\OneDrive\\Desktop\\MBD_KPIT\\SmartTC_Project\\STC_Nova_task\\Requirement_Linking_STC\\STC_SimulinkRequrementEditor.slreqx:5","FullID":"STC_Requirement_linking:#10","HIndex":"0/9","IconType":"link-icon","Index":10,"IsDirectLink":false,"IsExternal":false,"Keywords":[],"Label":"","ModifiedBy":"chall","ModifiedOn":"21-Apr-2025 17:00:57","Rationale":"","Revision":1,"SID":10,"Source":"DIgital_ip_Road1","SourceDomain":"linktype_rmi_simulink","SourceFullID":"STC_Requirement_linking:323","SourceIcon":"C:\\Program Files\\MATLAB\\R2024b\\toolbox\\shared\\reqmgt\\icons\\BlockIcon.png","SourceIconType":"simulink-block-icon","SourceSummary":"DIgital_ip_Road1","SourceTargetType":"simulink-block","SourceTooltip":"STC_Requirement_linking/DIgital_ip_Road1  (CustomTuningWebBlock)","Type":"Implements","TypeBackwardName":"Implemented by","TypeForwardName":"Implements","TypeName":"Implement","__##CustomAttNameList##__":[],"__##type##__":"sllink"},"STC_Requirement_linking:#11":{"CreatedBy":"chall","CreatedOn":"21-Apr-2025 17:01:06","Description":"","Destination":"ID-2.1 Digital_S2","DestinationChangeStatus":"Undecided","DestinationDomain":"linktype_rmi_slreq","DestinationFullID":"STC_SimulinkRequrementEditor:#7","DestinationIcon":"C:\\Program Files\\MATLAB\\R2024b\\toolbox\\shared\\reqmgt\\icons\\mwReq.png","DestinationIconType":"slreq-in-icon","DestinationSummary":"ID-2.1 Digital_S2","DestinationTargetType":"slreq-in","DestinationTooltip":"C:\\Users\\chall\\OneDrive\\Desktop\\MBD_KPIT\\SmartTC_Project\\STC_Nova_task\\Requirement_Linking_STC\\STC_SimulinkRequrementEditor.slreqx:7","FullID":"STC_Requirement_linking:#11","HIndex":"0/10","IconType":"link-icon","Index":11,"IsDirectLink":false,"IsExternal":false,"Keywords":[],"Label":"","ModifiedBy":"chall","ModifiedOn":"21-Apr-2025 17:01:06","Rationale":"","Revision":1,"SID":11,"Source":"DIgital_ip_Road2","SourceDomain":"linktype_rmi_simulink","SourceFullID":"STC_Requirement_linking:324","SourceIcon":"C:\\Program Files\\MATLAB\\R2024b\\toolbox\\shared\\reqmgt\\icons\\BlockIcon.png","SourceIconType":"simulink-block-icon","SourceSummary":"DIgital_ip_Road2","SourceTargetType":"simulink-block","SourceTooltip":"STC_Requirement_linking/DIgital_ip_Road2  (CustomTuningWebBlock)","Type":"Implements","TypeBackwardName":"Implemented by","TypeForwardName":"Implements","TypeName":"Implement","__##CustomAttNameList##__":[],"__##type##__":"sllink"},"STC_Requirement_linking:#12":{"CreatedBy":"chall","CreatedOn":"21-Apr-2025 17:01:14","Description":"","Destination":"ID-3 Analog","DestinationChangeStatus":"Undecided","DestinationDomain":"linktype_rmi_slreq","DestinationFullID":"STC_SimulinkRequrementEditor:#2","DestinationIcon":"C:\\Program Files\\MATLAB\\R2024b\\toolbox\\shared\\reqmgt\\icons\\mwReq.png","DestinationIconType":"slreq-in-icon","DestinationSummary":"ID-3 Analog","DestinationTargetType":"slreq-in","DestinationTooltip":"C:\\Users\\chall\\OneDrive\\Desktop\\MBD_KPIT\\SmartTC_Project\\STC_Nova_task\\Requirement_Linking_STC\\STC_SimulinkRequrementEditor.slreqx:2","FullID":"STC_Requirement_linking:#12","HIndex":"0/11","IconType":"link-icon","Index":12,"IsDirectLink":false,"IsExternal":false,"Keywords":[],"Label":"","ModifiedBy":"chall","ModifiedOn":"21-Apr-2025 17:01:14","Rationale":"","Revision":1,"SID":12,"Source":"Analog Road_1","SourceDomain":"linktype_rmi_simulink","SourceFullID":"STC_Requirement_linking:332","SourceIcon":"C:\\Program Files\\MATLAB\\R2024b\\toolbox\\shared\\reqmgt\\icons\\BlockIcon.png","SourceIconType":"simulink-block-icon","SourceSummary":"Analog Road_1","SourceTargetType":"simulink-block","SourceTooltip":"STC_Requirement_linking/Analog Road_1  (KnobBlock)","Type":"Implements","TypeBackwardName":"Implemented by","TypeForwardName":"Implements","TypeName":"Implement","__##CustomAttNameList##__":[],"__##type##__":"sllink"},"STC_Requirement_linking:#13":{"CreatedBy":"chall","CreatedOn":"21-Apr-2025 17:01:20","Description":"","Destination":"ID-3.1 Analog_input2","DestinationChangeStatus":"Undecided","DestinationDomain":"linktype_rmi_slreq","DestinationFullID":"STC_SimulinkRequrementEditor:#3","DestinationIcon":"C:\\Program Files\\MATLAB\\R2024b\\toolbox\\shared\\reqmgt\\icons\\mwReq.png","DestinationIconType":"slreq-in-icon","DestinationSummary":"ID-3.1 Analog_input2","DestinationTargetType":"slreq-in","DestinationTooltip":"C:\\Users\\chall\\OneDrive\\Desktop\\MBD_KPIT\\SmartTC_Project\\STC_Nova_task\\Requirement_Linking_STC\\STC_SimulinkRequrementEditor.slreqx:3","FullID":"STC_Requirement_linking:#13","HIndex":"0/12","IconType":"link-icon","Index":13,"IsDirectLink":false,"IsExternal":false,"Keywords":[],"Label":"","ModifiedBy":"chall","ModifiedOn":"21-Apr-2025 17:01:20","Rationale":"","Revision":1,"SID":13,"Source":"Analog Road_1","SourceDomain":"linktype_rmi_simulink","SourceFullID":"STC_Requirement_linking:332","SourceIcon":"C:\\Program Files\\MATLAB\\R2024b\\toolbox\\shared\\reqmgt\\icons\\BlockIcon.png","SourceIconType":"simulink-block-icon","SourceSummary":"Analog Road_1","SourceTargetType":"simulink-block","SourceTooltip":"STC_Requirement_linking/Analog Road_1  (KnobBlock)","Type":"Implements","TypeBackwardName":"Implemented by","TypeForwardName":"Implements","TypeName":"Implement","__##CustomAttNameList##__":[],"__##type##__":"sllink"},"STC_Requirement_linking:#14":{"CreatedBy":"chall","CreatedOn":"21-Apr-2025 17:01:38","Description":"","Destination":"ID-3.2 Analog_3","DestinationChangeStatus":"Undecided","DestinationDomain":"linktype_rmi_slreq","DestinationFullID":"STC_SimulinkRequrementEditor:#9","DestinationIcon":"C:\\Program Files\\MATLAB\\R2024b\\toolbox\\shared\\reqmgt\\icons\\mwReq.png","DestinationIconType":"slreq-in-icon","DestinationSummary":"ID-3.2 Analog_3","DestinationTargetType":"slreq-in","DestinationTooltip":"C:\\Users\\chall\\OneDrive\\Desktop\\MBD_KPIT\\SmartTC_Project\\STC_Nova_task\\Requirement_Linking_STC\\STC_SimulinkRequrementEditor.slreqx:9","FullID":"STC_Requirement_linking:#14","HIndex":"0/13","IconType":"link-icon","Index":14,"IsDirectLink":false,"IsExternal":false,"Keywords":[],"Label":"","ModifiedBy":"chall","ModifiedOn":"21-Apr-2025 17:01:38","Rationale":"","Revision":1,"SID":14,"Source":"Analog Road_3","SourceDomain":"linktype_rmi_simulink","SourceFullID":"STC_Requirement_linking:334","SourceIcon":"C:\\Program Files\\MATLAB\\R2024b\\toolbox\\shared\\reqmgt\\icons\\BlockIcon.png","SourceIconType":"simulink-block-icon","SourceSummary":"Analog Road_3","SourceTargetType":"simulink-block","SourceTooltip":"STC_Requirement_linking/Analog Road_3  (KnobBlock)","Type":"Implements","TypeBackwardName":"Implemented by","TypeForwardName":"Implements","TypeName":"Implement","__##CustomAttNameList##__":[],"__##type##__":"sllink"},"STC_Requirement_linking:#15":{"CreatedBy":"chall","CreatedOn":"21-Apr-2025 17:01:48","Description":"","Destination":"ID-4 Smart_Traffic_Control","DestinationChangeStatus":"Undecided","DestinationDomain":"linktype_rmi_slreq","DestinationFullID":"STC_SimulinkRequrementEditor:#8","DestinationIcon":"C:\\Program Files\\MATLAB\\R2024b\\toolbox\\shared\\reqmgt\\icons\\mwReq.png","DestinationIconType":"slreq-in-icon","DestinationSummary":"ID-4 Smart_Traffic_Control","DestinationTargetType":"slreq-in","DestinationTooltip":"C:\\Users\\chall\\OneDrive\\Desktop\\MBD_KPIT\\SmartTC_Project\\STC_Nova_task\\Requirement_Linking_STC\\STC_SimulinkRequrementEditor.slreqx:8","FullID":"STC_Requirement_linking:#15","HIndex":"0/14","IconType":"link-icon","Index":15,"IsDirectLink":false,"IsExternal":false,"Keywords":[],"Label":"","ModifiedBy":"chall","ModifiedOn":"21-Apr-2025 17:01:48","Rationale":"","Revision":1,"SID":15,"Source":"Smart_Trafic_Control","SourceDomain":"linktype_rmi_simulink","SourceFullID":"STC_Requirement_linking:331","SourceIcon":"C:\\Program Files\\MATLAB\\R2024b\\toolbox\\shared\\dastudio\\resources\\SubSystemIcon.png","SourceIconType":"simulink-subsystem-icon","SourceSummary":"Smart_Trafic_Control","SourceTargetType":"simulink-subsystem","SourceTooltip":"STC_Requirement_linking/Smart_Trafic_Control  (SubSystem)","Type":"Implements","TypeBackwardName":"Implemented by","TypeForwardName":"Implements","TypeName":"Implement","__##CustomAttNameList##__":[],"__##type##__":"sllink"},"STC_Requirement_linking:#2":{"CreatedBy":"chall","CreatedOn":"21-Apr-2025 16:47:45","Description":"Task2","Destination":"@Simulink_requirement_item_2","DestinationChangeStatus":"Undecided","DestinationDomain":"linktype_rmi_excel","DestinationFullID":"https://d.docs.live.net/2f5c967ff34fd347/Desktop/MBD_KPIT/SmartTC_Project/STC_Nova_task/Requirement_Linking_STC/RequirementLinking_STC.xlsx@Simulink_requirement_item_2","DestinationIcon":"C:\\Program Files\\MATLAB\\R2024b\\toolbox\\shared\\reqmgt\\icons\\externalReq.png","DestinationIconType":"linktype-rmi-excel-icon","DestinationNavigateCmd":"http://127.0.0.1:31415/matlab/feval/rmi.navigate?arguments=[%22linktype_rmi_excel%22,%22https:%2F%2Fd.docs.live.net%2F2f5c967ff34fd347%2FDesktop%2FMBD_KPIT%2FSmartTC_Project%2FSTC_Nova_task%2FRequirement_Linking_STC%2FRequirementLinking_STC.xlsx%22,%22%40Simulink_requirement_item_2%22,%22%22]","DestinationSummary":"@Simulink_requirement_item_2","DestinationTargetType":"linktype-rmi-excel","DestinationTooltip":"https://d.docs.live.net/2f5c967ff34fd347/Desktop/MBD_KPIT/SmartTC_Project/STC_Nova_task/Requirement_Linking_STC/RequirementLinking_STC.xlsx","FullID":"STC_Requirement_linking:#2","HIndex":"0/1","IconType":"link-icon","Index":2,"IsDirectLink":true,"IsExternal":true,"Keywords":[],"Label":"Task2","ModifiedBy":"chall","ModifiedOn":"21-Apr-2025 16:47:45","Rationale":"","Revision":1,"SID":2,"Source":"DIgital_ip_Road1","SourceDomain":"linktype_rmi_simulink","SourceFullID":"STC_Requirement_linking:323","SourceIcon":"C:\\Program Files\\MATLAB\\R2024b\\toolbox\\shared\\reqmgt\\icons\\BlockIcon.png","SourceIconType":"simulink-block-icon","SourceSummary":"DIgital_ip_Road1","SourceTargetType":"simulink-block","SourceTooltip":"STC_Requirement_linking/DIgital_ip_Road1  (CustomTuningWebBlock)","Type":"Implements","TypeBackwardName":"Implemented by","TypeForwardName":"Implements","TypeName":"Implement","__##CustomAttNameList##__":[],"__##type##__":"sllink"},"STC_Requirement_linking:#3":{"CreatedBy":"chall","CreatedOn":"21-Apr-2025 16:48:00","Description":"Task3","Destination":"@Simulink_requirement_item_3","DestinationChangeStatus":"Undecided","DestinationDomain":"linktype_rmi_excel","DestinationFullID":"https://d.docs.live.net/2f5c967ff34fd347/Desktop/MBD_KPIT/SmartTC_Project/STC_Nova_task/Requirement_Linking_STC/RequirementLinking_STC.xlsx@Simulink_requirement_item_3","DestinationIcon":"C:\\Program Files\\MATLAB\\R2024b\\toolbox\\shared\\reqmgt\\icons\\externalReq.png","DestinationIconType":"linktype-rmi-excel-icon","DestinationNavigateCmd":"http://127.0.0.1:31415/matlab/feval/rmi.navigate?arguments=[%22linktype_rmi_excel%22,%22https:%2F%2Fd.docs.live.net%2F2f5c967ff34fd347%2FDesktop%2FMBD_KPIT%2FSmartTC_Project%2FSTC_Nova_task%2FRequirement_Linking_STC%2FRequirementLinking_STC.xlsx%22,%22%40Simulink_requirement_item_3%22,%22%22]","DestinationSummary":"@Simulink_requirement_item_3","DestinationTargetType":"linktype-rmi-excel","DestinationTooltip":"https://d.docs.live.net/2f5c967ff34fd347/Desktop/MBD_KPIT/SmartTC_Project/STC_Nova_task/Requirement_Linking_STC/RequirementLinking_STC.xlsx","FullID":"STC_Requirement_linking:#3","HIndex":"0/2","IconType":"link-icon","Index":3,"IsDirectLink":true,"IsExternal":true,"Keywords":[],"Label":"Task3","ModifiedBy":"chall","ModifiedOn":"21-Apr-2025 16:48:00","Rationale":"","Revision":1,"SID":3,"Source":"Smart_Trafic_Control","SourceDomain":"linktype_rmi_simulink","SourceFullID":"STC_Requirement_linking:331","SourceIcon":"C:\\Program Files\\MATLAB\\R2024b\\toolbox\\shared\\dastudio\\resources\\SubSystemIcon.png","SourceIconType":"simulink-subsystem-icon","SourceSummary":"Smart_Trafic_Control","SourceTargetType":"simulink-subsystem","SourceTooltip":"STC_Requirement_linking/Smart_Trafic_Control  (SubSystem)","Type":"Implements","TypeBackwardName":"Implemented by","TypeForwardName":"Implements","TypeName":"Implement","__##CustomAttNameList##__":[],"__##type##__":"sllink"},"STC_Requirement_linking:#4":{"CreatedBy":"chall","CreatedOn":"21-Apr-2025 16:48:14","Description":"Task4","Destination":"@Simulink_requirement_item_4","DestinationChangeStatus":"Undecided","DestinationDomain":"linktype_rmi_excel","DestinationFullID":"https://d.docs.live.net/2f5c967ff34fd347/Desktop/MBD_KPIT/SmartTC_Project/STC_Nova_task/Requirement_Linking_STC/RequirementLinking_STC.xlsx@Simulink_requirement_item_4","DestinationIcon":"C:\\Program Files\\MATLAB\\R2024b\\toolbox\\shared\\reqmgt\\icons\\externalReq.png","DestinationIconType":"linktype-rmi-excel-icon","DestinationNavigateCmd":"http://127.0.0.1:31415/matlab/feval/rmi.navigate?arguments=[%22linktype_rmi_excel%22,%22https:%2F%2Fd.docs.live.net%2F2f5c967ff34fd347%2FDesktop%2FMBD_KPIT%2FSmartTC_Project%2FSTC_Nova_task%2FRequirement_Linking_STC%2FRequirementLinking_STC.xlsx%22,%22%40Simulink_requirement_item_4%22,%22%22]","DestinationSummary":"@Simulink_requirement_item_4","DestinationTargetType":"linktype-rmi-excel","DestinationTooltip":"https://d.docs.live.net/2f5c967ff34fd347/Desktop/MBD_KPIT/SmartTC_Project/STC_Nova_task/Requirement_Linking_STC/RequirementLinking_STC.xlsx","FullID":"STC_Requirement_linking:#4","HIndex":"0/3","IconType":"link-icon","Index":4,"IsDirectLink":true,"IsExternal":true,"Keywords":[],"Label":"Task4","ModifiedBy":"chall","ModifiedOn":"21-Apr-2025 16:48:14","Rationale":"","Revision":1,"SID":4,"Source":"Smart_Trafic_Control","SourceDomain":"linktype_rmi_simulink","SourceFullID":"STC_Requirement_linking:331","SourceIcon":"C:\\Program Files\\MATLAB\\R2024b\\toolbox\\shared\\dastudio\\resources\\SubSystemIcon.png","SourceIconType":"simulink-subsystem-icon","SourceSummary":"Smart_Trafic_Control","SourceTargetType":"simulink-subsystem","SourceTooltip":"STC_Requirement_linking/Smart_Trafic_Control  (SubSystem)","Type":"Implements","TypeBackwardName":"Implemented by","TypeForwardName":"Implements","TypeName":"Implement","__##CustomAttNameList##__":[],"__##type##__":"sllink"},"STC_Requirement_linking:#5":{"CreatedBy":"chall","CreatedOn":"21-Apr-2025 16:48:22","Description":"Task5","Destination":"@Simulink_requirement_item_5","DestinationChangeStatus":"Undecided","DestinationDomain":"linktype_rmi_excel","DestinationFullID":"https://d.docs.live.net/2f5c967ff34fd347/Desktop/MBD_KPIT/SmartTC_Project/STC_Nova_task/Requirement_Linking_STC/RequirementLinking_STC.xlsx@Simulink_requirement_item_5","DestinationIcon":"C:\\Program Files\\MATLAB\\R2024b\\toolbox\\shared\\reqmgt\\icons\\externalReq.png","DestinationIconType":"linktype-rmi-excel-icon","DestinationNavigateCmd":"http://127.0.0.1:31415/matlab/feval/rmi.navigate?arguments=[%22linktype_rmi_excel%22,%22https:%2F%2Fd.docs.live.net%2F2f5c967ff34fd347%2FDesktop%2FMBD_KPIT%2FSmartTC_Project%2FSTC_Nova_task%2FRequirement_Linking_STC%2FRequirementLinking_STC.xlsx%22,%22%40Simulink_requirement_item_5%22,%22%22]","DestinationSummary":"@Simulink_requirement_item_5","DestinationTargetType":"linktype-rmi-excel","DestinationTooltip":"https://d.docs.live.net/2f5c967ff34fd347/Desktop/MBD_KPIT/SmartTC_Project/STC_Nova_task/Requirement_Linking_STC/RequirementLinking_STC.xlsx","FullID":"STC_Requirement_linking:#5","HIndex":"0/4","IconType":"link-icon","Index":5,"IsDirectLink":true,"IsExternal":true,"Keywords":[],"Label":"Task5","ModifiedBy":"chall","ModifiedOn":"21-Apr-2025 16:48:22","Rationale":"","Revision":1,"SID":5,"Source":"Analog Road_1","SourceDomain":"linktype_rmi_simulink","SourceFullID":"STC_Requirement_linking:332","SourceIcon":"C:\\Program Files\\MATLAB\\R2024b\\toolbox\\shared\\reqmgt\\icons\\BlockIcon.png","SourceIconType":"simulink-block-icon","SourceSummary":"Analog Road_1","SourceTargetType":"simulink-block","SourceTooltip":"STC_Requirement_linking/Analog Road_1  (KnobBlock)","Type":"Implements","TypeBackwardName":"Implemented by","TypeForwardName":"Implements","TypeName":"Implement","__##CustomAttNameList##__":[],"__##type##__":"sllink"},"STC_Requirement_linking:#6":{"CreatedBy":"chall","CreatedOn":"21-Apr-2025 16:48:35","Description":"Task6","Destination":"@Simulink_requirement_item_6","DestinationChangeStatus":"Undecided","DestinationDomain":"linktype_rmi_excel","DestinationFullID":"https://d.docs.live.net/2f5c967ff34fd347/Desktop/MBD_KPIT/SmartTC_Project/STC_Nova_task/Requirement_Linking_STC/RequirementLinking_STC.xlsx@Simulink_requirement_item_6","DestinationIcon":"C:\\Program Files\\MATLAB\\R2024b\\toolbox\\shared\\reqmgt\\icons\\externalReq.png","DestinationIconType":"linktype-rmi-excel-icon","DestinationNavigateCmd":"http://127.0.0.1:31415/matlab/feval/rmi.navigate?arguments=[%22linktype_rmi_excel%22,%22https:%2F%2Fd.docs.live.net%2F2f5c967ff34fd347%2FDesktop%2FMBD_KPIT%2FSmartTC_Project%2FSTC_Nova_task%2FRequirement_Linking_STC%2FRequirementLinking_STC.xlsx%22,%22%40Simulink_requirement_item_6%22,%22%22]","DestinationSummary":"@Simulink_requirement_item_6","DestinationTargetType":"linktype-rmi-excel","DestinationTooltip":"https://d.docs.live.net/2f5c967ff34fd347/Desktop/MBD_KPIT/SmartTC_Project/STC_Nova_task/Requirement_Linking_STC/RequirementLinking_STC.xlsx","FullID":"STC_Requirement_linking:#6","HIndex":"0/5","IconType":"link-icon","Index":6,"IsDirectLink":true,"IsExternal":true,"Keywords":[],"Label":"Task6","ModifiedBy":"chall","ModifiedOn":"21-Apr-2025 16:48:35","Rationale":"","Revision":1,"SID":6,"Source":"ANalog Road_2","SourceDomain":"linktype_rmi_simulink","SourceFullID":"STC_Requirement_linking:333","SourceIcon":"C:\\Program Files\\MATLAB\\R2024b\\toolbox\\shared\\reqmgt\\icons\\BlockIcon.png","SourceIconType":"simulink-block-icon","SourceSummary":"ANalog Road_2","SourceTargetType":"simulink-block","SourceTooltip":"STC_Requirement_linking/ANalog Road_2  (KnobBlock)","Type":"Implements","TypeBackwardName":"Implemented by","TypeForwardName":"Implements","TypeName":"Implement","__##CustomAttNameList##__":[],"__##type##__":"sllink"},"STC_Requirement_linking:#7":{"CreatedBy":"chall","CreatedOn":"21-Apr-2025 16:48:45","Description":"Task7","Destination":"@Simulink_requirement_item_7","DestinationChangeStatus":"Undecided","DestinationDomain":"linktype_rmi_excel","DestinationFullID":"https://d.docs.live.net/2f5c967ff34fd347/Desktop/MBD_KPIT/SmartTC_Project/STC_Nova_task/Requirement_Linking_STC/RequirementLinking_STC.xlsx@Simulink_requirement_item_7","DestinationIcon":"C:\\Program Files\\MATLAB\\R2024b\\toolbox\\shared\\reqmgt\\icons\\externalReq.png","DestinationIconType":"linktype-rmi-excel-icon","DestinationNavigateCmd":"http://127.0.0.1:31415/matlab/feval/rmi.navigate?arguments=[%22linktype_rmi_excel%22,%22https:%2F%2Fd.docs.live.net%2F2f5c967ff34fd347%2FDesktop%2FMBD_KPIT%2FSmartTC_Project%2FSTC_Nova_task%2FRequirement_Linking_STC%2FRequirementLinking_STC.xlsx%22,%22%40Simulink_requirement_item_7%22,%22%22]","DestinationSummary":"@Simulink_requirement_item_7","DestinationTargetType":"linktype-rmi-excel","DestinationTooltip":"https://d.docs.live.net/2f5c967ff34fd347/Desktop/MBD_KPIT/SmartTC_Project/STC_Nova_task/Requirement_Linking_STC/RequirementLinking_STC.xlsx","FullID":"STC_Requirement_linking:#7","HIndex":"0/6","IconType":"link-icon","Index":7,"IsDirectLink":true,"IsExternal":true,"Keywords":[],"Label":"Task7","ModifiedBy":"chall","ModifiedOn":"21-Apr-2025 16:48:45","Rationale":"","Revision":1,"SID":7,"Source":"DIgital_ip_Road2","SourceDomain":"linktype_rmi_simulink","SourceFullID":"STC_Requirement_linking:324","SourceIcon":"C:\\Program Files\\MATLAB\\R2024b\\toolbox\\shared\\reqmgt\\icons\\BlockIcon.png","SourceIconType":"simulink-block-icon","SourceSummary":"DIgital_ip_Road2","SourceTargetType":"simulink-block","SourceTooltip":"STC_Requirement_linking/DIgital_ip_Road2  (CustomTuningWebBlock)","Type":"Implements","TypeBackwardName":"Implemented by","TypeForwardName":"Implements","TypeName":"Implement","__##CustomAttNameList##__":[],"__##type##__":"sllink"},"STC_Requirement_linking:#8":{"CreatedBy":"chall","CreatedOn":"21-Apr-2025 16:48:56","Description":"Task8","Destination":"@Simulink_requirement_item_8","DestinationChangeStatus":"Undecided","DestinationDomain":"linktype_rmi_excel","DestinationFullID":"https://d.docs.live.net/2f5c967ff34fd347/Desktop/MBD_KPIT/SmartTC_Project/STC_Nova_task/Requirement_Linking_STC/RequirementLinking_STC.xlsx@Simulink_requirement_item_8","DestinationIcon":"C:\\Program Files\\MATLAB\\R2024b\\toolbox\\shared\\reqmgt\\icons\\externalReq.png","DestinationIconType":"linktype-rmi-excel-icon","DestinationNavigateCmd":"http://127.0.0.1:31415/matlab/feval/rmi.navigate?arguments=[%22linktype_rmi_excel%22,%22https:%2F%2Fd.docs.live.net%2F2f5c967ff34fd347%2FDesktop%2FMBD_KPIT%2FSmartTC_Project%2FSTC_Nova_task%2FRequirement_Linking_STC%2FRequirementLinking_STC.xlsx%22,%22%40Simulink_requirement_item_8%22,%22%22]","DestinationSummary":"@Simulink_requirement_item_8","DestinationTargetType":"linktype-rmi-excel","DestinationTooltip":"https://d.docs.live.net/2f5c967ff34fd347/Desktop/MBD_KPIT/SmartTC_Project/STC_Nova_task/Requirement_Linking_STC/RequirementLinking_STC.xlsx","FullID":"STC_Requirement_linking:#8","HIndex":"0/7","IconType":"link-icon","Index":8,"IsDirectLink":true,"IsExternal":true,"Keywords":[],"Label":"Task8","ModifiedBy":"chall","ModifiedOn":"21-Apr-2025 16:48:56","Rationale":"","Revision":1,"SID":8,"Source":"Lamp","SourceDomain":"linktype_rmi_simulink","SourceFullID":"STC_Requirement_linking:307","SourceIcon":"C:\\Program Files\\MATLAB\\R2024b\\toolbox\\shared\\reqmgt\\icons\\BlockIcon.png","SourceIconType":"simulink-block-icon","SourceSummary":"Lamp","SourceTargetType":"simulink-block","SourceTooltip":"STC_Requirement_linking/Lamp  (LampBlock)","Type":"Implements","TypeBackwardName":"Implemented by","TypeForwardName":"Implements","TypeName":"Implement","__##CustomAttNameList##__":[],"__##type##__":"sllink"},"STC_Requirement_linking:#9":{"CreatedBy":"chall","CreatedOn":"21-Apr-2025 17:00:32","Description":"","Destination":"ID-1 ManuualOveride","DestinationChangeStatus":"Undecided","DestinationDomain":"linktype_rmi_slreq","DestinationFullID":"STC_SimulinkRequrementEditor:#1","DestinationIcon":"C:\\Program Files\\MATLAB\\R2024b\\toolbox\\shared\\reqmgt\\icons\\mwReq.png","DestinationIconType":"slreq-in-icon","DestinationSummary":"ID-1 ManuualOveride","DestinationTargetType":"slreq-in","DestinationTooltip":"C:\\Users\\chall\\OneDrive\\Desktop\\MBD_KPIT\\SmartTC_Project\\STC_Nova_task\\Requirement_Linking_STC\\STC_SimulinkRequrementEditor.slreqx:1","FullID":"STC_Requirement_linking:#9","HIndex":"0/8","IconType":"link-icon","Index":9,"IsDirectLink":false,"IsExternal":false,"Keywords":[],"Label":"","ModifiedBy":"chall","ModifiedOn":"21-Apr-2025 17:00:32","Rationale":"","Revision":1,"SID":9,"Source":"Manuua_Override","SourceDomain":"linktype_rmi_simulink","SourceFullID":"STC_Requirement_linking:326","SourceIcon":"C:\\Program Files\\MATLAB\\R2024b\\toolbox\\shared\\reqmgt\\icons\\BlockIcon.png","SourceIconType":"simulink-block-icon","SourceSummary":"Manuua_Override","SourceTargetType":"simulink-block","SourceTooltip":"STC_Requirement_linking/Manuua_Override  (ToggleSwitchBlock)","Type":"Implements","TypeBackwardName":"Implemented by","TypeForwardName":"Implements","TypeName":"Implement","__##CustomAttNameList##__":[],"__##type##__":"sllink"}},"LinkTypeInfo":{"Confirm":{"IsBuiltin":true,"ForwardName":"Confirmed By","BackwardName":"Confirms","SuperType":"Unset"},"Derive":{"IsBuiltin":true,"ForwardName":"Derives","BackwardName":"Derived from","SuperType":"Unset"},"Implement":{"IsBuiltin":true,"ForwardName":"Implements","BackwardName":"Implemented by","SuperType":"Unset"},"Refine":{"IsBuiltin":true,"ForwardName":"Refines","BackwardName":"Refined by","SuperType":"Unset"},"Relate":{"IsBuiltin":true,"ForwardName":"Related to","BackwardName":"Related to","SuperType":"Unset"},"Verify":{"IsBuiltin":true,"ForwardName":"Verifies","BackwardName":"Verified by","SuperType":"Unset"}},"ReqTypeInfo":{"Container":{"IsBuiltin":true,"TypeName":"Container","DisplayName":"Container","superType":"Unset"},"Functional":{"IsBuiltin":true,"TypeName":"Functional","DisplayName":"Functional","superType":"Unset"},"Informational":{"IsBuiltin":true,"TypeName":"Informational","DisplayName":"Informational","superType":"Unset"}},"DestDataInfo":{"STC_SimulinkRequrementEditor:#1":{"Confirm":"","Derive":"","Implement":["STC_Requirement_linking:#9"],"Refine":"","Relate":"","Verify":""},"STC_SimulinkRequrementEditor:#2":{"Confirm":"","Derive":"","Implement":["STC_Requirement_linking:#12"],"Refine":"","Relate":"","Verify":""},"STC_SimulinkRequrementEditor:#3":{"Confirm":"","Derive":"","Implement":["STC_Requirement_linking:#13"],"Refine":"","Relate":"","Verify":""},"STC_SimulinkRequrementEditor:#5":{"Confirm":"","Derive":"","Implement":["STC_Requirement_linking:#10"],"Refine":"","Relate":"","Verify":""},"STC_SimulinkRequrementEditor:#7":{"Confirm":"","Derive":"","Implement":["STC_Requirement_linking:#11"],"Refine":"","Relate":"","Verify":""},"STC_SimulinkRequrementEditor:#8":{"Confirm":"","Derive":"","Implement":["STC_Requirement_linking:#15"],"Refine":"","Relate":"","Verify":""},"STC_SimulinkRequrementEditor:#9":{"Confirm":"","Derive":"","Implement":["STC_Requirement_linking:#14"],"Refine":"","Relate":"","Verify":""}},"ReqCommentsData":{},"LinkCommentsData":{},"ReqCustomAttrRegData":{"STC_SimulinkRequrementEditor":{}},"LinkCustomAttrRegData":{"STC_Requirement_linking":{}},"ChangeIssueData":{"STC_Requirement_linking":{"NumberOfChangedDestination":0,"NumberOfLinks":15},"STC_Requirement_linking:#1":{"DestinationChangeStatus":"Revision: N/A (Timestamp: N/A)","IsFail":false,"SourceChangeStatus":"Not supported","Title":"No change issue detected."},"STC_Requirement_linking:#10":{"DestinationChangeStatus":"Revision: 1 (Timestamp: 21-Apr-2025 16:56:19)","IsFail":false,"SourceChangeStatus":"Not supported","Title":"No change issue detected."},"STC_Requirement_linking:#11":{"DestinationChangeStatus":"Revision: 1 (Timestamp: 21-Apr-2025 16:57:06)","IsFail":false,"SourceChangeStatus":"Not supported","Title":"No change issue detected."},"STC_Requirement_linking:#12":{"DestinationChangeStatus":"Revision: 1 (Timestamp: 21-Apr-2025 16:57:36)","IsFail":false,"SourceChangeStatus":"Not supported","Title":"No change issue detected."},"STC_Requirement_linking:#13":{"DestinationChangeStatus":"Revision: 1 (Timestamp: 21-Apr-2025 16:58:08)","IsFail":false,"SourceChangeStatus":"Not supported","Title":"No change issue detected."},"STC_Requirement_linking:#14":{"DestinationChangeStatus":"Revision: 1 (Timestamp: 21-Apr-2025 16:58:57)","IsFail":false,"SourceChangeStatus":"Not supported","Title":"No change issue detected."},"STC_Requirement_linking:#15":{"DestinationChangeStatus":"Revision: 1 (Timestamp: 21-Apr-2025 16:59:54)","IsFail":false,"SourceChangeStatus":"Not supported","Title":"No change issue detected."},"STC_Requirement_linking:#2":{"DestinationChangeStatus":"Revision: N/A (Timestamp: N/A)","IsFail":false,"SourceChangeStatus":"Not supported","Title":"No change issue detected."},"STC_Requirement_linking:#3":{"DestinationChangeStatus":"Revision: N/A (Timestamp: N/A)","IsFail":false,"SourceChangeStatus":"Not supported","Title":"No change issue detected."},"STC_Requirement_linking:#4":{"DestinationChangeStatus":"Revision: N/A (Timestamp: N/A)","IsFail":false,"SourceChangeStatus":"Not supported","Title":"No change issue detected."},"STC_Requirement_linking:#5":{"DestinationChangeStatus":"Revision: N/A (Timestamp: N/A)","IsFail":false,"SourceChangeStatus":"Not supported","Title":"No change issue detected."},"STC_Requirement_linking:#6":{"DestinationChangeStatus":"Revision: N/A (Timestamp: N/A)","IsFail":false,"SourceChangeStatus":"Not supported","Title":"No change issue detected."},"STC_Requirement_linking:#7":{"DestinationChangeStatus":"Revision: N/A (Timestamp: N/A)","IsFail":false,"SourceChangeStatus":"Not supported","Title":"No change issue detected."},"STC_Requirement_linking:#8":{"DestinationChangeStatus":"Revision: N/A (Timestamp: N/A)","IsFail":false,"SourceChangeStatus":"Not supported","Title":"No change issue detected."},"STC_Requirement_linking:#9":{"DestinationChangeStatus":"Revision: 1 (Timestamp: 21-Apr-2025 16:55:05)","IsFail":false,"SourceChangeStatus":"Not supported","Title":"No change issue detected."}},"ReqChangeIssueData":{},"ReqSetPropertyNameString":{"AttributeEntries":"Attribute entries:","CreatedBy":"Created by","CreatedOn":"Created on","CustomAttributeRegistries":"Custom Attribute Registries","Description":"Description","Filepath":"Filepath","Keywords":"Keywords","ModifiedBy":"Modified by","ModifiedOn":"Modified on","Properties":"Properties","Revision":"Revision"},"LinkSetPropertyNameString":{"Artifact":"Artifact","AttributeEntries":"Attribute entries:","ChangeInformation":"Change Information","ChangeStatusUnsupportedArtifact":"Not supported","CreatedBy":"Created by","CreatedOn":"Created on","CustomAttributeRegistries":"Custom Attribute Registries","Description":"Description","Destination":"Destination","Filepath":"Filepath","ModifiedBy":"Modified by","ModifiedOn":"Modified on","NumLinksHavingChangedDestination":"Total links with changed Destination:","NumLinksHavingChangedSource":"Total links with changed Source:","NumTotalLinks":"Total number of links:","Properties":"Properties","Revision":"Revision","Source":"Source"},"ReqPropertyNameString":{"Comments":"Comments","CreatedBy":"Created by","CreatedOn":"Created on","CustomAttributes":"Custom Attributes","CustomID":"Custom ID","Description":"Description","Index":"Index","IndexDelimiter":"Index Delimiter","IndexPrefix":"Index Prefix","Keywords":"Keywords","Links":"Links","ModifiedBy":"Modified by","ModifiedOn":"Modified on","NoCommentHistory":"No comments","Properties":"Properties","Rationale":"Rationale","RefreshedOn":"Updated on","Revision":"Revision","RevisionInfo":"Revision information","SID":"SID","Summary":"Summary","Type":"Type","Unset":"Unset"},"LinkPropertyNameString":{"ChangeInfoPanelActualColon":"Actual:","ChangeInfoPanelStoredColon":"Stored:","ChangeInformation":"Change Information","Comments":"Comments","CreatedBy":"Created by","CreatedOn":"Created on","CustomAttributes":"Custom Attributes","Description":"Description","Destination":"Destination","Keywords":"Keywords","ModifiedBy":"Modified by","ModifiedOn":"Modified on","NoCommentHistory":"No comments","Properties":"Properties","Rationale":"Rationale","Revision":"Revision","RevisionInfo":"Revision information","SID":"SID","Source":"Source","Type":"Type"},"CustomAttributesPropertyNameString":{"DefaultValue":"Default value","Description":"Description","List":"List","Name":"Name","Type":"Type"},"ReqLayoutColumnNameString":{"CreatedBy":"Created by","CreatedOn":"Created on","Index":"Index","Keywords":"Keywords","ModifiedBy":"Modified by","ModifiedOn":"Modified on","RefreshedOn":"Updated on","ReqID":"ID","Revision":"Revision","SID":"SID","Summary":"Summary","Type":"Type"},"LinkLayoutColumnNameString":{"CreatedBy":"Created by","CreatedOn":"Created on","Destination":"Destination","Keywords":"Keywords","Label":"Label","ModifiedBy":"Modified by","ModifiedOn":"Modified on","Revision":"Revision","SID":"SID","Source":"Source","Type":"Type"},"GeneralNameString":{"LinkWithSelectedSimulink":"Link from Selection in Simulink","Links":"Links","NoLinks":"No links","Requirements":"Requirements"}}