[
 {
  "sid":"STC_Requirement_linking:282",
  "inspector":{
   "params":[
    "Port",
    "IconDisplay",
    "LatchByDelayingOutsideSignal",
    "LatchInputForFeedbackSignals",
    "OutputFunctionCall",
    "OutMin",
    "OutMax",
    "OutDataTypeStr",
    "LockScale",
    "Unit",
    "PortDimensions",
    "VarSizeSig",
    "SignalType",
    "SampleTime",
    "Description",
    "BusOutputAsStruct",
    "BusVirtuality",
    "DataMode",
    "EventTriggers",
    "InputConnect",
    "Interpolate",
    "MessageQueueCapacity",
    "MessageQueueOverwriting",
    "MessageQueueType",
    "MessageQueueUseDefaultAttributes"
   ],
   "values":[
    "1",
    "Port number",
    "off",
    "off",
    "off",
    "[]",
    "[]",
    "Inherit: auto",
    "off",
    "inherit",
    "-1",
    "Inherit",
    "auto",
    "-1",
    "",
    "off",
    "inherit",
    "inherit",
    [
    ],
    "",
    "on",
    "1",
    "on",
    "LIFO",
    "on"
   ],
   "tabs":[
    "Main",
    "Signal Attributes",
    "Execution",
    "Documentation",
    "-Other"
   ],
   "tabs_idx":[
    0,
    4,
    13,
    14,
    15
   ]
  },
  "informer":"<p> No Requirements </p>",
  "viewer":{
   "jshandler":"webview/handlers/ElementHandler"
  },
  "obj_viewer":[
  ],
  "finder":{
   "blocktype":"Inport",
   "masktype":""
  }
 },
 {
  "sid":"STC_Requirement_linking:283",
  "inspector":{
   "params":[
    "Port",
    "IconDisplay",
    "LatchByDelayingOutsideSignal",
    "LatchInputForFeedbackSignals",
    "OutputFunctionCall",
    "OutMin",
    "OutMax",
    "OutDataTypeStr",
    "LockScale",
    "Unit",
    "PortDimensions",
    "VarSizeSig",
    "SignalType",
    "SampleTime",
    "Description",
    "BusOutputAsStruct",
    "BusVirtuality",
    "DataMode",
    "EventTriggers",
    "InputConnect",
    "Interpolate",
    "MessageQueueCapacity",
    "MessageQueueOverwriting",
    "MessageQueueType",
    "MessageQueueUseDefaultAttributes"
   ],
   "values":[
    "2",
    "Port number",
    "off",
    "off",
    "off",
    "[]",
    "[]",
    "Inherit: auto",
    "off",
    "inherit",
    "-1",
    "Inherit",
    "auto",
    "-1",
    "",
    "off",
    "inherit",
    "inherit",
    [
    ],
    "",
    "on",
    "1",
    "on",
    "LIFO",
    "on"
   ],
   "tabs":[
    "Main",
    "Signal Attributes",
    "Execution",
    "Documentation",
    "-Other"
   ],
   "tabs_idx":[
    0,
    4,
    13,
    14,
    15
   ]
  },
  "informer":"<p> No Requirements </p>",
  "viewer":{
   "jshandler":"webview/handlers/ElementHandler"
  },
  "obj_viewer":[
  ],
  "finder":{
   "blocktype":"Inport",
   "masktype":""
  }
 },
 {
  "sid":"STC_Requirement_linking:284",
  "inspector":{
   "params":[
    "Port",
    "IconDisplay",
    "LatchByDelayingOutsideSignal",
    "LatchInputForFeedbackSignals",
    "OutputFunctionCall",
    "OutMin",
    "OutMax",
    "OutDataTypeStr",
    "LockScale",
    "Unit",
    "PortDimensions",
    "VarSizeSig",
    "SignalType",
    "SampleTime",
    "Description",
    "BusOutputAsStruct",
    "BusVirtuality",
    "DataMode",
    "EventTriggers",
    "InputConnect",
    "Interpolate",
    "MessageQueueCapacity",
    "MessageQueueOverwriting",
    "MessageQueueType",
    "MessageQueueUseDefaultAttributes"
   ],
   "values":[
    "3",
    "Port number",
    "off",
    "off",
    "off",
    "[]",
    "[]",
    "Inherit: auto",
    "off",
    "inherit",
    "-1",
    "Inherit",
    "auto",
    "-1",
    "",
    "off",
    "inherit",
    "inherit",
    [
    ],
    "",
    "on",
    "1",
    "on",
    "LIFO",
    "on"
   ],
   "tabs":[
    "Main",
    "Signal Attributes",
    "Execution",
    "Documentation",
    "-Other"
   ],
   "tabs_idx":[
    0,
    4,
    13,
    14,
    15
   ]
  },
  "informer":"<p> No Requirements </p>",
  "viewer":{
   "jshandler":"webview/handlers/ElementHandler"
  },
  "obj_viewer":[
  ],
  "finder":{
   "blocktype":"Inport",
   "masktype":""
  }
 },
 {
  "sid":"STC_Requirement_linking:285",
  "inspector":{
   "params":[
    "Port",
    "IconDisplay",
    "LatchByDelayingOutsideSignal",
    "LatchInputForFeedbackSignals",
    "OutputFunctionCall",
    "OutMin",
    "OutMax",
    "OutDataTypeStr",
    "LockScale",
    "Unit",
    "PortDimensions",
    "VarSizeSig",
    "SignalType",
    "SampleTime",
    "Description",
    "BusOutputAsStruct",
    "BusVirtuality",
    "DataMode",
    "EventTriggers",
    "InputConnect",
    "Interpolate",
    "MessageQueueCapacity",
    "MessageQueueOverwriting",
    "MessageQueueType",
    "MessageQueueUseDefaultAttributes"
   ],
   "values":[
    "4",
    "Port number",
    "off",
    "off",
    "off",
    "[]",
    "[]",
    "Inherit: auto",
    "off",
    "inherit",
    "-1",
    "Inherit",
    "auto",
    "-1",
    "",
    "off",
    "inherit",
    "inherit",
    [
    ],
    "",
    "on",
    "1",
    "on",
    "LIFO",
    "on"
   ],
   "tabs":[
    "Main",
    "Signal Attributes",
    "Execution",
    "Documentation",
    "-Other"
   ],
   "tabs_idx":[
    0,
    4,
    13,
    14,
    15
   ]
  },
  "informer":"<p> No Requirements </p>",
  "viewer":{
   "jshandler":"webview/handlers/ElementHandler"
  },
  "obj_viewer":[
  ],
  "finder":{
   "blocktype":"Inport",
   "masktype":""
  }
 },
 {
  "sid":"STC_Requirement_linking:159",
  "inspector":{
   "params":[
    "ShowPortLabels",
    "Permissions",
    "ErrorFcn",
    "PermitHierarchicalResolution",
    "TreatAsAtomicUnit",
    "TreatAsGroupedWhenPropagatingVariantConditions",
    "RTWSystemCode",
    "Description",
    "AllowFlexibleInterface",
    "AllowZeroVariantControls",
    "AutoFrameSizeCalculation",
    "BlockChoice",
    "ExecutionDomainType",
    "FunctionInterfaceSpec",
    "FunctionWithSeparateData",
    "IsSubsystemVirtual",
    "LabelModeActiveChoice",
    "Latency",
    "MemberBlocks",
    "MinAlgLoopOccurrences",
    "PartitionName",
    "PropagateVariantConditions",
    "RTWFcnName",
    "RTWFcnNameOpts",
    "RTWFileName",
    "RTWFileNameOpts",
    "RTWMemSecDataConstants",
    "RTWMemSecDataInternal",
    "RTWMemSecDataParameters",
    "RTWMemSecFuncExecute",
    "RTWMemSecFuncInitTerm",
    "ReferencedSubsystem",
    "ScheduleAs",
    "SetExecutionDomain",
    "ShowSubsystemReinitializePorts",
    "SystemSampleTime",
    "TemplateBlock",
    "Variant",
    "VariantActivationTime",
    "VariantChoices",
    "VariantChoicesEnumeration",
    "VariantChoicesSpecifier",
    "VariantControl",
    "VariantControlMode",
    "VariantControlVariable"
   ],
   "values":[
    "FromPortIcon",
    "ReadWrite",
    "",
    "All",
    "off",
    "on",
    "Auto",
    "",
    "on",
    "off",
    "off",
    "",
    "Deduce",
    "void_void",
    "off",
    "on",
    "",
    "0",
    "",
    "off",
    "",
    "off",
    "",
    "Auto",
    "",
    "Auto",
    "Inherit from model",
    "Inherit from model",
    "Inherit from model",
    "Inherit from model",
    "Inherit from model",
    "",
    "Sample time",
    "off",
    "off",
    "-1",
    "",
    "off",
    "update diagram",
    [
    ],
    "",
    "",
    "",
    "expression",
    ""
   ],
   "tabs":[
    "Main",
    "Code Generation",
    "Documentation",
    "-Other"
   ],
   "tabs_idx":[
    0,
    6,
    7,
    8
   ]
  },
  "informer":"<p> No Requirements </p>",
  "viewer":{
   "jshandler":"webview/handlers/ElementHandler"
  },
  "obj_viewer":[
  ],
  "finder":{
   "blocktype":"SubSystem",
   "masktype":""
  }
 },
 {
  "sid":"STC_Requirement_linking:129",
  "inspector":{
   "params":[
    "Format",
    "Decimation",
    "Floating",
    "Description"
   ],
   "values":[
    "short",
    "1",
    "off",
    ""
   ],
   "tabs":[
    "Parameter Attributes",
    "Documentation"
   ],
   "tabs_idx":[
    0,
    3
   ]
  },
  "informer":"<p> No Requirements </p>",
  "viewer":{
   "jshandler":"webview/handlers/ElementHandler"
  },
  "obj_viewer":[
  ],
  "finder":{
   "blocktype":"Display",
   "masktype":""
  }
 },
 {
  "sid":"STC_Requirement_linking:130",
  "inspector":{
   "params":[
    "Format",
    "Decimation",
    "Floating",
    "Description"
   ],
   "values":[
    "short",
    "1",
    "off",
    ""
   ],
   "tabs":[
    "Parameter Attributes",
    "Documentation"
   ],
   "tabs_idx":[
    0,
    3
   ]
  },
  "informer":"<p> No Requirements </p>",
  "viewer":{
   "jshandler":"webview/handlers/ElementHandler"
  },
  "obj_viewer":[
  ],
  "finder":{
   "blocktype":"Display",
   "masktype":""
  }
 },
 {
  "sid":"STC_Requirement_linking:132",
  "inspector":{
   "params":[
    "Format",
    "Decimation",
    "Floating",
    "Description"
   ],
   "values":[
    "short",
    "1",
    "off",
    ""
   ],
   "tabs":[
    "Parameter Attributes",
    "Documentation"
   ],
   "tabs_idx":[
    0,
    3
   ]
  },
  "informer":"<p> No Requirements </p>",
  "viewer":{
   "jshandler":"webview/handlers/ElementHandler"
  },
  "obj_viewer":[
  ],
  "finder":{
   "blocktype":"Display",
   "masktype":""
  }
 },
 {
  "sid":"STC_Requirement_linking:286",
  "inspector":{
   "params":[
    "Port",
    "IconDisplay",
    "OutMin",
    "OutMax",
    "OutDataTypeStr",
    "LockScale",
    "Unit",
    "PortDimensions",
    "VarSizeSig",
    "SignalType",
    "SampleTime",
    "Description",
    "BusOutputAsStruct",
    "BusVirtuality",
    "DataMode",
    "EnsureOutportIsVirtual",
    "InitialOutput",
    "MustResolveToSignalObject",
    "OutputFunctionCall",
    "OutputWhenDisabled",
    "OutputWhenUnConnected",
    "OutputWhenUnconnectedValue",
    "SignalName",
    "SignalObject",
    "StorageClass",
    "VectorParamsAs1DForOutWhenUnconnected"
   ],
   "values":[
    "1",
    "Port number",
    "[]",
    "[]",
    "Inherit: auto",
    "off",
    "inherit",
    "-1",
    "Inherit",
    "auto",
    "-1",
    "",
    "off",
    "inherit",
    "inherit",
    "off",
    "[]",
    "off",
    "off",
    "held",
    "off",
    "0",
    "",
    [
    ],
    "Auto",
    "on"
   ],
   "tabs":[
    "Main",
    "Signal Attributes",
    "Execution",
    "Documentation",
    "-Other"
   ],
   "tabs_idx":[
    0,
    2,
    10,
    11,
    12
   ]
  },
  "informer":"<p> No Requirements </p>",
  "viewer":{
   "jshandler":"webview/handlers/ElementHandler"
  },
  "obj_viewer":[
  ],
  "finder":{
   "blocktype":"Outport",
   "masktype":""
  }
 },
 {
  "sid":"STC_Requirement_linking:287",
  "inspector":{
   "params":[
    "Port",
    "IconDisplay",
    "OutMin",
    "OutMax",
    "OutDataTypeStr",
    "LockScale",
    "Unit",
    "PortDimensions",
    "VarSizeSig",
    "SignalType",
    "SampleTime",
    "Description",
    "BusOutputAsStruct",
    "BusVirtuality",
    "DataMode",
    "EnsureOutportIsVirtual",
    "InitialOutput",
    "MustResolveToSignalObject",
    "OutputFunctionCall",
    "OutputWhenDisabled",
    "OutputWhenUnConnected",
    "OutputWhenUnconnectedValue",
    "SignalName",
    "SignalObject",
    "StorageClass",
    "VectorParamsAs1DForOutWhenUnconnected"
   ],
   "values":[
    "2",
    "Port number",
    "[]",
    "[]",
    "Inherit: auto",
    "off",
    "inherit",
    "-1",
    "Inherit",
    "auto",
    "-1",
    "",
    "off",
    "inherit",
    "inherit",
    "off",
    "[]",
    "off",
    "off",
    "held",
    "off",
    "0",
    "",
    [
    ],
    "Auto",
    "on"
   ],
   "tabs":[
    "Main",
    "Signal Attributes",
    "Execution",
    "Documentation",
    "-Other"
   ],
   "tabs_idx":[
    0,
    2,
    10,
    11,
    12
   ]
  },
  "informer":"<p> No Requirements </p>",
  "viewer":{
   "jshandler":"webview/handlers/ElementHandler"
  },
  "obj_viewer":[
  ],
  "finder":{
   "blocktype":"Outport",
   "masktype":""
  }
 },
 {
  "sid":"STC_Requirement_linking:288",
  "inspector":{
   "params":[
    "Port",
    "IconDisplay",
    "OutMin",
    "OutMax",
    "OutDataTypeStr",
    "LockScale",
    "Unit",
    "PortDimensions",
    "VarSizeSig",
    "SignalType",
    "SampleTime",
    "Description",
    "BusOutputAsStruct",
    "BusVirtuality",
    "DataMode",
    "EnsureOutportIsVirtual",
    "InitialOutput",
    "MustResolveToSignalObject",
    "OutputFunctionCall",
    "OutputWhenDisabled",
    "OutputWhenUnConnected",
    "OutputWhenUnconnectedValue",
    "SignalName",
    "SignalObject",
    "StorageClass",
    "VectorParamsAs1DForOutWhenUnconnected"
   ],
   "values":[
    "3",
    "Port number",
    "[]",
    "[]",
    "Inherit: auto",
    "off",
    "inherit",
    "-1",
    "Inherit",
    "auto",
    "-1",
    "",
    "off",
    "inherit",
    "inherit",
    "off",
    "[]",
    "off",
    "off",
    "held",
    "off",
    "0",
    "",
    [
    ],
    "Auto",
    "on"
   ],
   "tabs":[
    "Main",
    "Signal Attributes",
    "Execution",
    "Documentation",
    "-Other"
   ],
   "tabs_idx":[
    0,
    2,
    10,
    11,
    12
   ]
  },
  "informer":"<p> No Requirements </p>",
  "viewer":{
   "jshandler":"webview/handlers/ElementHandler"
  },
  "obj_viewer":[
  ],
  "finder":{
   "blocktype":"Outport",
   "masktype":""
  }
 },
 {
  "sid":"STC_Requirement_linking:282#out:1;line",
  "inspector":{
   "params":[
    "SignalNameFromLabel",
    "MustResolveToSignal",
    "ShowPropagatedSignal",
    "DataLogging",
    "TestPoint",
    "SignalObjectPackage",
    "StorageClass",
    "Description",
    "documentLink"
   ],
   "values":[
    "",
    "off",
    "off",
    "off",
    "off",
    "Simulink",
    "Auto",
    "",
    ""
   ],
   "tabs":[
    "Parameter Attributes",
    "Logging and Accessibility",
    "Code Generation",
    "Documentation"
   ],
   "tabs_idx":[
    0,
    3,
    5,
    7
   ]
  },
  "informer":[
  ],
  "viewer":{
   "jshandler":"webview/handlers/ElementHandler"
  },
  "obj_viewer":[
  ],
  "finder":[
  ]
 },
 {
  "sid":"STC_Requirement_linking:159#out:1;line",
  "inspector":{
   "params":[
    "SignalNameFromLabel",
    "MustResolveToSignal",
    "ShowPropagatedSignal",
    "DataLogging",
    "TestPoint",
    "SignalObjectPackage",
    "StorageClass",
    "Description",
    "documentLink"
   ],
   "values":[
    "",
    "off",
    "off",
    "off",
    "off",
    "Simulink",
    "Auto",
    "",
    ""
   ],
   "tabs":[
    "Parameter Attributes",
    "Logging and Accessibility",
    "Code Generation",
    "Documentation"
   ],
   "tabs_idx":[
    0,
    3,
    5,
    7
   ]
  },
  "informer":[
  ],
  "viewer":{
   "jshandler":"webview/handlers/ElementHandler"
  },
  "obj_viewer":[
  ],
  "finder":[
  ]
 },
 {
  "sid":"STC_Requirement_linking:159#out:2;line",
  "inspector":{
   "params":[
    "SignalNameFromLabel",
    "MustResolveToSignal",
    "ShowPropagatedSignal",
    "DataLogging",
    "TestPoint",
    "SignalObjectPackage",
    "StorageClass",
    "Description",
    "documentLink"
   ],
   "values":[
    "",
    "off",
    "off",
    "off",
    "off",
    "Simulink",
    "Auto",
    "",
    ""
   ],
   "tabs":[
    "Parameter Attributes",
    "Logging and Accessibility",
    "Code Generation",
    "Documentation"
   ],
   "tabs_idx":[
    0,
    3,
    5,
    7
   ]
  },
  "informer":[
  ],
  "viewer":{
   "jshandler":"webview/handlers/ElementHandler"
  },
  "obj_viewer":[
  ],
  "finder":[
  ]
 },
 {
  "sid":"STC_Requirement_linking:159#out:3;line",
  "inspector":{
   "params":[
    "SignalNameFromLabel",
    "MustResolveToSignal",
    "ShowPropagatedSignal",
    "DataLogging",
    "TestPoint",
    "SignalObjectPackage",
    "StorageClass",
    "Description",
    "documentLink"
   ],
   "values":[
    "",
    "off",
    "off",
    "off",
    "off",
    "Simulink",
    "Auto",
    "",
    ""
   ],
   "tabs":[
    "Parameter Attributes",
    "Logging and Accessibility",
    "Code Generation",
    "Documentation"
   ],
   "tabs_idx":[
    0,
    3,
    5,
    7
   ]
  },
  "informer":[
  ],
  "viewer":{
   "jshandler":"webview/handlers/ElementHandler"
  },
  "obj_viewer":[
  ],
  "finder":[
  ]
 },
 {
  "sid":"STC_Requirement_linking:285#out:1;line",
  "inspector":{
   "params":[
    "SignalNameFromLabel",
    "MustResolveToSignal",
    "ShowPropagatedSignal",
    "DataLogging",
    "TestPoint",
    "SignalObjectPackage",
    "StorageClass",
    "Description",
    "documentLink"
   ],
   "values":[
    "",
    "off",
    "off",
    "off",
    "off",
    "Simulink",
    "Auto",
    "",
    ""
   ],
   "tabs":[
    "Parameter Attributes",
    "Logging and Accessibility",
    "Code Generation",
    "Documentation"
   ],
   "tabs_idx":[
    0,
    3,
    5,
    7
   ]
  },
  "informer":[
  ],
  "viewer":{
   "jshandler":"webview/handlers/ElementHandler"
  },
  "obj_viewer":[
  ],
  "finder":[
  ]
 },
 {
  "sid":"STC_Requirement_linking:284#out:1;line",
  "inspector":{
   "params":[
    "SignalNameFromLabel",
    "MustResolveToSignal",
    "ShowPropagatedSignal",
    "DataLogging",
    "TestPoint",
    "SignalObjectPackage",
    "StorageClass",
    "Description",
    "documentLink"
   ],
   "values":[
    "",
    "off",
    "off",
    "off",
    "off",
    "Simulink",
    "Auto",
    "",
    ""
   ],
   "tabs":[
    "Parameter Attributes",
    "Logging and Accessibility",
    "Code Generation",
    "Documentation"
   ],
   "tabs_idx":[
    0,
    3,
    5,
    7
   ]
  },
  "informer":[
  ],
  "viewer":{
   "jshandler":"webview/handlers/ElementHandler"
  },
  "obj_viewer":[
  ],
  "finder":[
  ]
 },
 {
  "sid":"STC_Requirement_linking:283#out:1;line",
  "inspector":{
   "params":[
    "SignalNameFromLabel",
    "MustResolveToSignal",
    "ShowPropagatedSignal",
    "DataLogging",
    "TestPoint",
    "SignalObjectPackage",
    "StorageClass",
    "Description",
    "documentLink"
   ],
   "values":[
    "",
    "off",
    "off",
    "off",
    "off",
    "Simulink",
    "Auto",
    "",
    ""
   ],
   "tabs":[
    "Parameter Attributes",
    "Logging and Accessibility",
    "Code Generation",
    "Documentation"
   ],
   "tabs_idx":[
    0,
    3,
    5,
    7
   ]
  },
  "informer":[
  ],
  "viewer":{
   "jshandler":"webview/handlers/ElementHandler"
  },
  "obj_viewer":[
  ],
  "finder":[
  ]
 }
]