[
 {
  "sid":"STC_Requirement_linking",
  "inspector":{
   "params":[
    "ModelVersion",
    "LastModifiedDate",
    "LibraryLinkDisplay",
    "ModelBrowserVisibility",
    "Dirty",
    "Description"
   ],
   "values":[
    "1.6",
    "Mon Apr 21 10:51:59 2025",
    "disabled",
    "on",
    "on",
    ""
   ],
   "tabs":[
   ],
   "tabs_idx":[
   ]
  },
  "informer":"<p> No Requirements </p>",
  "viewer":{
   "jshandler":"webview/handlers/ElementHandler"
  },
  "obj_viewer":[
  ],
  "finder":[
  ]
 },
 {
  "sid":"STC_Requirement_linking:331",
  "inspector":{
   "params":[
    "ShowPortLabels",
    "Permissions",
    "ErrorFcn",
    "PermitHierarchicalResolution",
    "TreatAsAtomicUnit",
    "TreatAsGroupedWhenPropagatingVariantConditions",
    "RTWSystemCode",
    "Description",
    "AllowFlexibleInterface",
    "AllowZeroVariantControls",
    "AutoFrameSizeCalculation",
    "BlockChoice",
    "ExecutionDomainType",
    "FunctionInterfaceSpec",
    "FunctionWithSeparateData",
    "IsSubsystemVirtual",
    "LabelModeActiveChoice",
    "Latency",
    "MemberBlocks",
    "MinAlgLoopOccurrences",
    "PartitionName",
    "PropagateVariantConditions",
    "RTWFcnName",
    "RTWFcnNameOpts",
    "RTWFileName",
    "RTWFileNameOpts",
    "RTWMemSecDataConstants",
    "RTWMemSecDataInternal",
    "RTWMemSecDataParameters",
    "RTWMemSecFuncExecute",
    "RTWMemSecFuncInitTerm",
    "ReferencedSubsystem",
    "ScheduleAs",
    "SetExecutionDomain",
    "ShowSubsystemReinitializePorts",
    "SystemSampleTime",
    "TemplateBlock",
    "Variant",
    "VariantActivationTime",
    "VariantChoices",
    "VariantChoicesEnumeration",
    "VariantChoicesSpecifier",
    "VariantControl",
    "VariantControlMode",
    "VariantControlVariable"
   ],
   "values":[
    "FromPortIcon",
    "ReadWrite",
    "",
    "All",
    "off",
    "on",
    "Auto",
    "",
    "on",
    "off",
    "off",
    "",
    "Deduce",
    "void_void",
    "off",
    "on",
    "",
    "0",
    "",
    "off",
    "",
    "off",
    "",
    "Auto",
    "",
    "Auto",
    "Inherit from model",
    "Inherit from model",
    "Inherit from model",
    "Inherit from model",
    "Inherit from model",
    "",
    "Sample time",
    "off",
    "off",
    "-1",
    "",
    "off",
    "update diagram",
    [
    ],
    "",
    "",
    "",
    "expression",
    ""
   ],
   "tabs":[
    "Main",
    "Code Generation",
    "Documentation",
    "-Other"
   ],
   "tabs_idx":[
    0,
    6,
    7,
    8
   ]
  },
  "informer":"<html><head><meta charset=\"UTF-8\"></head><body>\n<h2><font color=\"#993300\">\"Smart_Trafic_Control\" <i>(SubSystem, 3 links)</i></font></h2>\n<hr>\n<font color=\"#993300\"><h3>1. Task3</h3>\nLink to Microsoft Excel<br/>\nDocument: <font color=\"blue\">https://d.docs.live.net/2f5c967ff34fd347/Desktop/MBD_KPIT/SmartTC_Project/STC_Nova_task/Requirement_Linking_STC/RequirementLinking_STC.xlsx</font><br/>\nLocation/Item: <font color=\"blue\">@Simulink_requirement_item_3</font><br/>\n</font>\n\n\n\n\n\n\n\n\n<table border=1 cellpadding=0 cellspacing=0 width=64 style='border-collapse:\n collapse;table-layout:fixed;width:48pt'>\n <col width=64 style='width:48pt'>\n <tr height=19 style='height:14.4pt'>\n  <td height=19 class=xl1531497 width=64 style='height:14.4pt;width:48pt'><a\n  name=\"RANGE!A1\">Task3</a></td>\n </tr>\n \n</table>\n\n<hr>\n<font color=\"#993300\"><h3>2. Task4</h3>\nLink to Microsoft Excel<br/>\nDocument: <font color=\"blue\">https://d.docs.live.net/2f5c967ff34fd347/Desktop/MBD_KPIT/SmartTC_Project/STC_Nova_task/Requirement_Linking_STC/RequirementLinking_STC.xlsx</font><br/>\nLocation/Item: <font color=\"blue\">@Simulink_requirement_item_4</font><br/>\n</font>\n\n\n\n\n\n\n\n\n<table border=1 cellpadding=0 cellspacing=0 width=64 style='border-collapse:\n collapse;table-layout:fixed;width:48pt'>\n <col width=64 style='width:48pt'>\n <tr height=19 style='height:14.4pt'>\n  <td height=19 class=xl1531497 width=64 style='height:14.4pt;width:48pt'><a\n  name=\"RANGE!A1\">Task4</a></td>\n </tr>\n \n</table>\n\n<hr>\n<font color=\"#993300\"><h3>3. link #15</h3>\nLink to Requirements Toolbox<br/>\nDocument: <font color=\"blue\">STC_SimulinkRequrementEditor.slreqx</font><br/>\nLocation/Item: <font color=\"blue\">ID-4</font><br/>\n</font>\n<h3>Smart_Traffic_Control</h3>\n<!DOCTYPE HTML PUBLIC \"-//W3C//DTD HTML 4.0//EN\" \"http://www.w3.org/TR/REC-html40/strict.dtd\">\n<html><head><meta name=\"qrichtext\" content=\"1\" /><style type=\"text/css\">\np, li { white-space: pre-wrap; }\n</style></head><body align=\"left\" style=\" font-family:'MS Shell Dlg 2','MS Shell Dlg 2'; font-size:10pt; font-weight:400; font-style:normal;\">\n<p align=\"left\" style=\" margin-top:0px; margin-bottom:0px; margin-left:0px; margin-right:0px; -qt-block-indent:0; text-indent:0px;\">Smart traffic controller system </p>\n<p align=\"left\" style=\"-qt-paragraph-type:empty; margin-top:0px; margin-bottom:0px; margin-left:0px; margin-right:0px; -qt-block-indent:0; text-indent:0px;\"><br /></p></body></html>\n</body></html>\n",
  "viewer":{
   "jshandler":"webview/handlers/ElementHandler"
  },
  "obj_viewer":[
  ],
  "finder":{
   "blocktype":"SubSystem",
   "masktype":""
  }
 },
 {
  "sid":"STC_Requirement_linking:289",
  "inspector":{
   "params":[
    "ShowPortLabels",
    "Permissions",
    "ErrorFcn",
    "PermitHierarchicalResolution",
    "TreatAsAtomicUnit",
    "TreatAsGroupedWhenPropagatingVariantConditions",
    "RTWSystemCode",
    "Description",
    "AllowFlexibleInterface",
    "AllowZeroVariantControls",
    "AutoFrameSizeCalculation",
    "BlockChoice",
    "ExecutionDomainType",
    "FunctionInterfaceSpec",
    "FunctionWithSeparateData",
    "IsSubsystemVirtual",
    "LabelModeActiveChoice",
    "Latency",
    "MemberBlocks",
    "MinAlgLoopOccurrences",
    "PartitionName",
    "PropagateVariantConditions",
    "RTWFcnName",
    "RTWFcnNameOpts",
    "RTWFileName",
    "RTWFileNameOpts",
    "RTWMemSecDataConstants",
    "RTWMemSecDataInternal",
    "RTWMemSecDataParameters",
    "RTWMemSecFuncExecute",
    "RTWMemSecFuncInitTerm",
    "ReferencedSubsystem",
    "ScheduleAs",
    "SetExecutionDomain",
    "ShowSubsystemReinitializePorts",
    "SystemSampleTime",
    "TemplateBlock",
    "Variant",
    "VariantActivationTime",
    "VariantChoices",
    "VariantChoicesEnumeration",
    "VariantChoicesSpecifier",
    "VariantControl",
    "VariantControlMode",
    "VariantControlVariable"
   ],
   "values":[
    "FromPortIcon",
    "ReadWrite",
    "",
    "All",
    "off",
    "on",
    "Auto",
    "",
    "on",
    "off",
    "off",
    "",
    "Deduce",
    "void_void",
    "off",
    "on",
    "",
    "0",
    "",
    "off",
    "",
    "off",
    "",
    "Auto",
    "",
    "Auto",
    "Inherit from model",
    "Inherit from model",
    "Inherit from model",
    "Inherit from model",
    "Inherit from model",
    "",
    "Sample time",
    "off",
    "off",
    "-1",
    "",
    "off",
    "update diagram",
    [
    ],
    "",
    "",
    "",
    "expression",
    ""
   ],
   "tabs":[
    "Main",
    "Code Generation",
    "Documentation",
    "-Other"
   ],
   "tabs_idx":[
    0,
    6,
    7,
    8
   ]
  },
  "informer":"<p> No Requirements </p>",
  "viewer":{
   "jshandler":"webview/handlers/ElementHandler"
  },
  "obj_viewer":[
  ],
  "finder":{
   "blocktype":"SubSystem",
   "masktype":""
  }
 },
 {
  "sid":"STC_Requirement_linking:268",
  "inspector":{
   "params":[
    "ShowPortLabels",
    "Permissions",
    "ErrorFcn",
    "PermitHierarchicalResolution",
    "TreatAsAtomicUnit",
    "TreatAsGroupedWhenPropagatingVariantConditions",
    "RTWSystemCode",
    "Description",
    "AllowFlexibleInterface",
    "AllowZeroVariantControls",
    "AutoFrameSizeCalculation",
    "BlockChoice",
    "ExecutionDomainType",
    "FunctionInterfaceSpec",
    "FunctionWithSeparateData",
    "IsSubsystemVirtual",
    "LabelModeActiveChoice",
    "Latency",
    "MemberBlocks",
    "MinAlgLoopOccurrences",
    "PartitionName",
    "PropagateVariantConditions",
    "RTWFcnName",
    "RTWFcnNameOpts",
    "RTWFileName",
    "RTWFileNameOpts",
    "RTWMemSecDataConstants",
    "RTWMemSecDataInternal",
    "RTWMemSecDataParameters",
    "RTWMemSecFuncExecute",
    "RTWMemSecFuncInitTerm",
    "ReferencedSubsystem",
    "ScheduleAs",
    "SetExecutionDomain",
    "ShowSubsystemReinitializePorts",
    "SystemSampleTime",
    "TemplateBlock",
    "Variant",
    "VariantActivationTime",
    "VariantChoices",
    "VariantChoicesEnumeration",
    "VariantChoicesSpecifier",
    "VariantControl",
    "VariantControlMode",
    "VariantControlVariable"
   ],
   "values":[
    "FromPortIcon",
    "ReadWrite",
    "",
    "All",
    "off",
    "on",
    "Auto",
    "",
    "on",
    "off",
    "off",
    "",
    "Deduce",
    "void_void",
    "off",
    "on",
    "",
    "0",
    "",
    "off",
    "",
    "off",
    "",
    "Auto",
    "",
    "Auto",
    "Inherit from model",
    "Inherit from model",
    "Inherit from model",
    "Inherit from model",
    "Inherit from model",
    "",
    "Sample time",
    "off",
    "off",
    "-1",
    "",
    "off",
    "update diagram",
    [
    ],
    "",
    "",
    "",
    "expression",
    ""
   ],
   "tabs":[
    "Main",
    "Code Generation",
    "Documentation",
    "-Other"
   ],
   "tabs_idx":[
    0,
    6,
    7,
    8
   ]
  },
  "informer":"<p> No Requirements </p>",
  "viewer":{
   "jshandler":"webview/handlers/ElementHandler"
  },
  "obj_viewer":[
  ],
  "finder":{
   "blocktype":"SubSystem",
   "masktype":""
  }
 },
 {
  "sid":"STC_Requirement_linking:110",
  "inspector":{
   "params":[
    "ShowPortLabels",
    "Permissions",
    "ErrorFcn",
    "PermitHierarchicalResolution",
    "TreatAsAtomicUnit",
    "TreatAsGroupedWhenPropagatingVariantConditions",
    "RTWSystemCode",
    "Description",
    "AllowFlexibleInterface",
    "AllowZeroVariantControls",
    "AutoFrameSizeCalculation",
    "BlockChoice",
    "ExecutionDomainType",
    "FunctionInterfaceSpec",
    "FunctionWithSeparateData",
    "IsSubsystemVirtual",
    "LabelModeActiveChoice",
    "Latency",
    "MemberBlocks",
    "MinAlgLoopOccurrences",
    "PartitionName",
    "PropagateVariantConditions",
    "RTWFcnName",
    "RTWFcnNameOpts",
    "RTWFileName",
    "RTWFileNameOpts",
    "RTWMemSecDataConstants",
    "RTWMemSecDataInternal",
    "RTWMemSecDataParameters",
    "RTWMemSecFuncExecute",
    "RTWMemSecFuncInitTerm",
    "ReferencedSubsystem",
    "ScheduleAs",
    "SetExecutionDomain",
    "ShowSubsystemReinitializePorts",
    "SystemSampleTime",
    "TemplateBlock",
    "Variant",
    "VariantActivationTime",
    "VariantChoices",
    "VariantChoicesEnumeration",
    "VariantChoicesSpecifier",
    "VariantControl",
    "VariantControlMode",
    "VariantControlVariable"
   ],
   "values":[
    "FromPortIcon",
    "ReadWrite",
    "",
    "All",
    "off",
    "on",
    "Auto",
    "",
    "on",
    "off",
    "off",
    "",
    "Deduce",
    "void_void",
    "off",
    "on",
    "",
    "0",
    "",
    "off",
    "",
    "off",
    "",
    "Auto",
    "",
    "Auto",
    "Inherit from model",
    "Inherit from model",
    "Inherit from model",
    "Inherit from model",
    "Inherit from model",
    "",
    "Sample time",
    "off",
    "off",
    "-1",
    "",
    "off",
    "update diagram",
    [
    ],
    "",
    "",
    "",
    "expression",
    ""
   ],
   "tabs":[
    "Main",
    "Code Generation",
    "Documentation",
    "-Other"
   ],
   "tabs_idx":[
    0,
    6,
    7,
    8
   ]
  },
  "informer":"<p> No Requirements </p>",
  "viewer":{
   "jshandler":"webview/handlers/ElementHandler"
  },
  "obj_viewer":[
  ],
  "finder":{
   "blocktype":"SubSystem",
   "masktype":""
  }
 },
 {
  "sid":"STC_Requirement_linking:86",
  "inspector":{
   "params":[
    "ShowPortLabels",
    "Permissions",
    "ErrorFcn",
    "PermitHierarchicalResolution",
    "TreatAsAtomicUnit",
    "TreatAsGroupedWhenPropagatingVariantConditions",
    "RTWSystemCode",
    "Description",
    "AllowFlexibleInterface",
    "AllowZeroVariantControls",
    "AutoFrameSizeCalculation",
    "BlockChoice",
    "ExecutionDomainType",
    "FunctionInterfaceSpec",
    "FunctionWithSeparateData",
    "IsSubsystemVirtual",
    "LabelModeActiveChoice",
    "Latency",
    "MemberBlocks",
    "MinAlgLoopOccurrences",
    "PartitionName",
    "PropagateVariantConditions",
    "RTWFcnName",
    "RTWFcnNameOpts",
    "RTWFileName",
    "RTWFileNameOpts",
    "RTWMemSecDataConstants",
    "RTWMemSecDataInternal",
    "RTWMemSecDataParameters",
    "RTWMemSecFuncExecute",
    "RTWMemSecFuncInitTerm",
    "ReferencedSubsystem",
    "ScheduleAs",
    "SetExecutionDomain",
    "ShowSubsystemReinitializePorts",
    "SystemSampleTime",
    "TemplateBlock",
    "Variant",
    "VariantActivationTime",
    "VariantChoices",
    "VariantChoicesEnumeration",
    "VariantChoicesSpecifier",
    "VariantControl",
    "VariantControlMode",
    "VariantControlVariable"
   ],
   "values":[
    "FromPortIcon",
    "ReadWrite",
    "",
    "All",
    "off",
    "on",
    "Auto",
    "",
    "on",
    "off",
    "off",
    "",
    "Deduce",
    "void_void",
    "off",
    "on",
    "",
    "0",
    "",
    "off",
    "",
    "off",
    "",
    "Auto",
    "",
    "Auto",
    "Inherit from model",
    "Inherit from model",
    "Inherit from model",
    "Inherit from model",
    "Inherit from model",
    "",
    "Sample time",
    "off",
    "off",
    "-1",
    "",
    "off",
    "update diagram",
    [
    ],
    "",
    "",
    "",
    "expression",
    ""
   ],
   "tabs":[
    "Main",
    "Code Generation",
    "Documentation",
    "-Other"
   ],
   "tabs_idx":[
    0,
    6,
    7,
    8
   ]
  },
  "informer":"<p> No Requirements </p>",
  "viewer":{
   "jshandler":"webview/handlers/ElementHandler"
  },
  "obj_viewer":[
  ],
  "finder":{
   "blocktype":"SubSystem",
   "masktype":""
  }
 },
 {
  "sid":"STC_Requirement_linking:27",
  "inspector":{
   "params":[
    "ShowPortLabels",
    "Permissions",
    "ErrorFcn",
    "PermitHierarchicalResolution",
    "TreatAsAtomicUnit",
    "TreatAsGroupedWhenPropagatingVariantConditions",
    "RTWSystemCode",
    "Description",
    "AllowFlexibleInterface",
    "AllowZeroVariantControls",
    "AutoFrameSizeCalculation",
    "BlockChoice",
    "ExecutionDomainType",
    "FunctionInterfaceSpec",
    "FunctionWithSeparateData",
    "IsSubsystemVirtual",
    "LabelModeActiveChoice",
    "Latency",
    "MemberBlocks",
    "MinAlgLoopOccurrences",
    "PartitionName",
    "PropagateVariantConditions",
    "RTWFcnName",
    "RTWFcnNameOpts",
    "RTWFileName",
    "RTWFileNameOpts",
    "RTWMemSecDataConstants",
    "RTWMemSecDataInternal",
    "RTWMemSecDataParameters",
    "RTWMemSecFuncExecute",
    "RTWMemSecFuncInitTerm",
    "ReferencedSubsystem",
    "ScheduleAs",
    "SetExecutionDomain",
    "ShowSubsystemReinitializePorts",
    "SystemSampleTime",
    "TemplateBlock",
    "Variant",
    "VariantActivationTime",
    "VariantChoices",
    "VariantChoicesEnumeration",
    "VariantChoicesSpecifier",
    "VariantControl",
    "VariantControlMode",
    "VariantControlVariable"
   ],
   "values":[
    "FromPortIcon",
    "ReadWrite",
    "",
    "All",
    "on",
    "on",
    "Auto",
    "",
    "on",
    "off",
    "off",
    "",
    "Deduce",
    "void_void",
    "off",
    "off",
    "",
    "0",
    "",
    "off",
    "",
    "off",
    "",
    "Auto",
    "",
    "Auto",
    "Inherit from model",
    "Inherit from model",
    "Inherit from model",
    "Inherit from model",
    "Inherit from model",
    "",
    "Sample time",
    "off",
    "off",
    "-1",
    "",
    "off",
    "update diagram",
    [
    ],
    "",
    "",
    "",
    "expression",
    ""
   ],
   "tabs":[
    "Main",
    "Code Generation",
    "Documentation",
    "-Other"
   ],
   "tabs_idx":[
    0,
    6,
    7,
    8
   ]
  },
  "informer":"<p> No Requirements </p>",
  "viewer":{
   "jshandler":"webview/handlers/ElementHandler"
  },
  "obj_viewer":[
  ],
  "finder":{
   "blocktype":"SubSystem",
   "masktype":""
  }
 },
 {
  "sid":"STC_Requirement_linking:31",
  "inspector":{
   "params":[
    "ShowPortLabels",
    "Permissions",
    "ErrorFcn",
    "PermitHierarchicalResolution",
    "TreatAsAtomicUnit",
    "TreatAsGroupedWhenPropagatingVariantConditions",
    "RTWSystemCode",
    "Description",
    "AllowFlexibleInterface",
    "AllowZeroVariantControls",
    "AutoFrameSizeCalculation",
    "BlockChoice",
    "ExecutionDomainType",
    "FunctionInterfaceSpec",
    "FunctionWithSeparateData",
    "IsSubsystemVirtual",
    "LabelModeActiveChoice",
    "Latency",
    "MemberBlocks",
    "MinAlgLoopOccurrences",
    "PartitionName",
    "PropagateVariantConditions",
    "RTWFcnName",
    "RTWFcnNameOpts",
    "RTWFileName",
    "RTWFileNameOpts",
    "RTWMemSecDataConstants",
    "RTWMemSecDataInternal",
    "RTWMemSecDataParameters",
    "RTWMemSecFuncExecute",
    "RTWMemSecFuncInitTerm",
    "ReferencedSubsystem",
    "ScheduleAs",
    "SetExecutionDomain",
    "ShowSubsystemReinitializePorts",
    "SystemSampleTime",
    "TemplateBlock",
    "Variant",
    "VariantActivationTime",
    "VariantChoices",
    "VariantChoicesEnumeration",
    "VariantChoicesSpecifier",
    "VariantControl",
    "VariantControlMode",
    "VariantControlVariable"
   ],
   "values":[
    "FromPortIcon",
    "ReadWrite",
    "",
    "All",
    "on",
    "on",
    "Auto",
    "",
    "on",
    "off",
    "off",
    "",
    "Deduce",
    "void_void",
    "off",
    "off",
    "",
    "0",
    "",
    "off",
    "",
    "off",
    "",
    "Auto",
    "",
    "Auto",
    "Inherit from model",
    "Inherit from model",
    "Inherit from model",
    "Inherit from model",
    "Inherit from model",
    "",
    "Sample time",
    "off",
    "off",
    "-1",
    "",
    "off",
    "update diagram",
    [
    ],
    "",
    "",
    "",
    "expression",
    ""
   ],
   "tabs":[
    "Main",
    "Code Generation",
    "Documentation",
    "-Other"
   ],
   "tabs_idx":[
    0,
    6,
    7,
    8
   ]
  },
  "informer":"<p> No Requirements </p>",
  "viewer":{
   "jshandler":"webview/handlers/ElementHandler"
  },
  "obj_viewer":[
  ],
  "finder":{
   "blocktype":"SubSystem",
   "masktype":""
  }
 },
 {
  "sid":"STC_Requirement_linking:36",
  "inspector":{
   "params":[
    "ShowPortLabels",
    "Permissions",
    "ErrorFcn",
    "PermitHierarchicalResolution",
    "TreatAsAtomicUnit",
    "TreatAsGroupedWhenPropagatingVariantConditions",
    "RTWSystemCode",
    "Description",
    "AllowFlexibleInterface",
    "AllowZeroVariantControls",
    "AutoFrameSizeCalculation",
    "BlockChoice",
    "ExecutionDomainType",
    "FunctionInterfaceSpec",
    "FunctionWithSeparateData",
    "IsSubsystemVirtual",
    "LabelModeActiveChoice",
    "Latency",
    "MemberBlocks",
    "MinAlgLoopOccurrences",
    "PartitionName",
    "PropagateVariantConditions",
    "RTWFcnName",
    "RTWFcnNameOpts",
    "RTWFileName",
    "RTWFileNameOpts",
    "RTWMemSecDataConstants",
    "RTWMemSecDataInternal",
    "RTWMemSecDataParameters",
    "RTWMemSecFuncExecute",
    "RTWMemSecFuncInitTerm",
    "ReferencedSubsystem",
    "ScheduleAs",
    "SetExecutionDomain",
    "ShowSubsystemReinitializePorts",
    "SystemSampleTime",
    "TemplateBlock",
    "Variant",
    "VariantActivationTime",
    "VariantChoices",
    "VariantChoicesEnumeration",
    "VariantChoicesSpecifier",
    "VariantControl",
    "VariantControlMode",
    "VariantControlVariable"
   ],
   "values":[
    "FromPortIcon",
    "ReadWrite",
    "",
    "All",
    "on",
    "on",
    "Auto",
    "",
    "on",
    "off",
    "off",
    "",
    "Deduce",
    "void_void",
    "off",
    "off",
    "",
    "0",
    "",
    "off",
    "",
    "off",
    "",
    "Auto",
    "",
    "Auto",
    "Inherit from model",
    "Inherit from model",
    "Inherit from model",
    "Inherit from model",
    "Inherit from model",
    "",
    "Sample time",
    "off",
    "off",
    "-1",
    "",
    "off",
    "update diagram",
    [
    ],
    "",
    "",
    "",
    "expression",
    ""
   ],
   "tabs":[
    "Main",
    "Code Generation",
    "Documentation",
    "-Other"
   ],
   "tabs_idx":[
    0,
    6,
    7,
    8
   ]
  },
  "informer":"<p> No Requirements </p>",
  "viewer":{
   "jshandler":"webview/handlers/ElementHandler"
  },
  "obj_viewer":[
  ],
  "finder":{
   "blocktype":"SubSystem",
   "masktype":""
  }
 },
 {
  "sid":"STC_Requirement_linking:93",
  "inspector":{
   "params":[
    "ShowPortLabels",
    "Permissions",
    "ErrorFcn",
    "PermitHierarchicalResolution",
    "TreatAsAtomicUnit",
    "TreatAsGroupedWhenPropagatingVariantConditions",
    "RTWSystemCode",
    "Description",
    "AllowFlexibleInterface",
    "AllowZeroVariantControls",
    "AutoFrameSizeCalculation",
    "BlockChoice",
    "ExecutionDomainType",
    "FunctionInterfaceSpec",
    "FunctionWithSeparateData",
    "IsSubsystemVirtual",
    "LabelModeActiveChoice",
    "Latency",
    "MemberBlocks",
    "MinAlgLoopOccurrences",
    "PartitionName",
    "PropagateVariantConditions",
    "RTWFcnName",
    "RTWFcnNameOpts",
    "RTWFileName",
    "RTWFileNameOpts",
    "RTWMemSecDataConstants",
    "RTWMemSecDataInternal",
    "RTWMemSecDataParameters",
    "RTWMemSecFuncExecute",
    "RTWMemSecFuncInitTerm",
    "ReferencedSubsystem",
    "ScheduleAs",
    "SetExecutionDomain",
    "ShowSubsystemReinitializePorts",
    "SystemSampleTime",
    "TemplateBlock",
    "Variant",
    "VariantActivationTime",
    "VariantChoices",
    "VariantChoicesEnumeration",
    "VariantChoicesSpecifier",
    "VariantControl",
    "VariantControlMode",
    "VariantControlVariable"
   ],
   "values":[
    "FromPortIcon",
    "ReadWrite",
    "",
    "All",
    "off",
    "on",
    "Auto",
    "",
    "on",
    "off",
    "off",
    "",
    "Deduce",
    "void_void",
    "off",
    "on",
    "",
    "0",
    "",
    "off",
    "",
    "off",
    "",
    "Auto",
    "",
    "Auto",
    "Inherit from model",
    "Inherit from model",
    "Inherit from model",
    "Inherit from model",
    "Inherit from model",
    "",
    "Sample time",
    "off",
    "off",
    "-1",
    "",
    "off",
    "update diagram",
    [
    ],
    "",
    "",
    "",
    "expression",
    ""
   ],
   "tabs":[
    "Main",
    "Code Generation",
    "Documentation",
    "-Other"
   ],
   "tabs_idx":[
    0,
    6,
    7,
    8
   ]
  },
  "informer":"<p> No Requirements </p>",
  "viewer":{
   "jshandler":"webview/handlers/ElementHandler"
  },
  "obj_viewer":[
  ],
  "finder":{
   "blocktype":"SubSystem",
   "masktype":""
  }
 },
 {
  "sid":"STC_Requirement_linking:55",
  "inspector":{
   "params":[
    "ShowPortLabels",
    "Permissions",
    "ErrorFcn",
    "PermitHierarchicalResolution",
    "TreatAsAtomicUnit",
    "TreatAsGroupedWhenPropagatingVariantConditions",
    "RTWSystemCode",
    "Description",
    "AllowFlexibleInterface",
    "AllowZeroVariantControls",
    "AutoFrameSizeCalculation",
    "BlockChoice",
    "ExecutionDomainType",
    "FunctionInterfaceSpec",
    "FunctionWithSeparateData",
    "IsSubsystemVirtual",
    "LabelModeActiveChoice",
    "Latency",
    "MemberBlocks",
    "MinAlgLoopOccurrences",
    "PartitionName",
    "PropagateVariantConditions",
    "RTWFcnName",
    "RTWFcnNameOpts",
    "RTWFileName",
    "RTWFileNameOpts",
    "RTWMemSecDataConstants",
    "RTWMemSecDataInternal",
    "RTWMemSecDataParameters",
    "RTWMemSecFuncExecute",
    "RTWMemSecFuncInitTerm",
    "ReferencedSubsystem",
    "ScheduleAs",
    "SetExecutionDomain",
    "ShowSubsystemReinitializePorts",
    "SystemSampleTime",
    "TemplateBlock",
    "Variant",
    "VariantActivationTime",
    "VariantChoices",
    "VariantChoicesEnumeration",
    "VariantChoicesSpecifier",
    "VariantControl",
    "VariantControlMode",
    "VariantControlVariable"
   ],
   "values":[
    "FromPortIcon",
    "ReadWrite",
    "",
    "All",
    "on",
    "on",
    "Auto",
    "",
    "on",
    "off",
    "off",
    "",
    "Deduce",
    "void_void",
    "off",
    "off",
    "",
    "0",
    "",
    "off",
    "",
    "off",
    "",
    "Auto",
    "",
    "Auto",
    "Inherit from model",
    "Inherit from model",
    "Inherit from model",
    "Inherit from model",
    "Inherit from model",
    "",
    "Sample time",
    "off",
    "off",
    "-1",
    "",
    "off",
    "update diagram",
    [
    ],
    "",
    "",
    "",
    "expression",
    ""
   ],
   "tabs":[
    "Main",
    "Code Generation",
    "Documentation",
    "-Other"
   ],
   "tabs_idx":[
    0,
    6,
    7,
    8
   ]
  },
  "informer":"<p> No Requirements </p>",
  "viewer":{
   "jshandler":"webview/handlers/ElementHandler"
  },
  "obj_viewer":[
  ],
  "finder":{
   "blocktype":"SubSystem",
   "masktype":""
  }
 },
 {
  "sid":"STC_Requirement_linking:59",
  "inspector":{
   "params":[
    "ShowPortLabels",
    "Permissions",
    "ErrorFcn",
    "PermitHierarchicalResolution",
    "TreatAsAtomicUnit",
    "TreatAsGroupedWhenPropagatingVariantConditions",
    "RTWSystemCode",
    "Description",
    "AllowFlexibleInterface",
    "AllowZeroVariantControls",
    "AutoFrameSizeCalculation",
    "BlockChoice",
    "ExecutionDomainType",
    "FunctionInterfaceSpec",
    "FunctionWithSeparateData",
    "IsSubsystemVirtual",
    "LabelModeActiveChoice",
    "Latency",
    "MemberBlocks",
    "MinAlgLoopOccurrences",
    "PartitionName",
    "PropagateVariantConditions",
    "RTWFcnName",
    "RTWFcnNameOpts",
    "RTWFileName",
    "RTWFileNameOpts",
    "RTWMemSecDataConstants",
    "RTWMemSecDataInternal",
    "RTWMemSecDataParameters",
    "RTWMemSecFuncExecute",
    "RTWMemSecFuncInitTerm",
    "ReferencedSubsystem",
    "ScheduleAs",
    "SetExecutionDomain",
    "ShowSubsystemReinitializePorts",
    "SystemSampleTime",
    "TemplateBlock",
    "Variant",
    "VariantActivationTime",
    "VariantChoices",
    "VariantChoicesEnumeration",
    "VariantChoicesSpecifier",
    "VariantControl",
    "VariantControlMode",
    "VariantControlVariable"
   ],
   "values":[
    "FromPortIcon",
    "ReadWrite",
    "",
    "All",
    "on",
    "on",
    "Auto",
    "",
    "on",
    "off",
    "off",
    "",
    "Deduce",
    "void_void",
    "off",
    "off",
    "",
    "0",
    "",
    "off",
    "",
    "off",
    "",
    "Auto",
    "",
    "Auto",
    "Inherit from model",
    "Inherit from model",
    "Inherit from model",
    "Inherit from model",
    "Inherit from model",
    "",
    "Sample time",
    "off",
    "off",
    "-1",
    "",
    "off",
    "update diagram",
    [
    ],
    "",
    "",
    "",
    "expression",
    ""
   ],
   "tabs":[
    "Main",
    "Code Generation",
    "Documentation",
    "-Other"
   ],
   "tabs_idx":[
    0,
    6,
    7,
    8
   ]
  },
  "informer":"<p> No Requirements </p>",
  "viewer":{
   "jshandler":"webview/handlers/ElementHandler"
  },
  "obj_viewer":[
  ],
  "finder":{
   "blocktype":"SubSystem",
   "masktype":""
  }
 },
 {
  "sid":"STC_Requirement_linking:63",
  "inspector":{
   "params":[
    "ShowPortLabels",
    "Permissions",
    "ErrorFcn",
    "PermitHierarchicalResolution",
    "TreatAsAtomicUnit",
    "TreatAsGroupedWhenPropagatingVariantConditions",
    "RTWSystemCode",
    "Description",
    "AllowFlexibleInterface",
    "AllowZeroVariantControls",
    "AutoFrameSizeCalculation",
    "BlockChoice",
    "ExecutionDomainType",
    "FunctionInterfaceSpec",
    "FunctionWithSeparateData",
    "IsSubsystemVirtual",
    "LabelModeActiveChoice",
    "Latency",
    "MemberBlocks",
    "MinAlgLoopOccurrences",
    "PartitionName",
    "PropagateVariantConditions",
    "RTWFcnName",
    "RTWFcnNameOpts",
    "RTWFileName",
    "RTWFileNameOpts",
    "RTWMemSecDataConstants",
    "RTWMemSecDataInternal",
    "RTWMemSecDataParameters",
    "RTWMemSecFuncExecute",
    "RTWMemSecFuncInitTerm",
    "ReferencedSubsystem",
    "ScheduleAs",
    "SetExecutionDomain",
    "ShowSubsystemReinitializePorts",
    "SystemSampleTime",
    "TemplateBlock",
    "Variant",
    "VariantActivationTime",
    "VariantChoices",
    "VariantChoicesEnumeration",
    "VariantChoicesSpecifier",
    "VariantControl",
    "VariantControlMode",
    "VariantControlVariable"
   ],
   "values":[
    "FromPortIcon",
    "ReadWrite",
    "",
    "All",
    "on",
    "on",
    "Auto",
    "",
    "on",
    "off",
    "off",
    "",
    "Deduce",
    "void_void",
    "off",
    "off",
    "",
    "0",
    "",
    "off",
    "",
    "off",
    "",
    "Auto",
    "",
    "Auto",
    "Inherit from model",
    "Inherit from model",
    "Inherit from model",
    "Inherit from model",
    "Inherit from model",
    "",
    "Sample time",
    "off",
    "off",
    "-1",
    "",
    "off",
    "update diagram",
    [
    ],
    "",
    "",
    "",
    "expression",
    ""
   ],
   "tabs":[
    "Main",
    "Code Generation",
    "Documentation",
    "-Other"
   ],
   "tabs_idx":[
    0,
    6,
    7,
    8
   ]
  },
  "informer":"<p> No Requirements </p>",
  "viewer":{
   "jshandler":"webview/handlers/ElementHandler"
  },
  "obj_viewer":[
  ],
  "finder":{
   "blocktype":"SubSystem",
   "masktype":""
  }
 },
 {
  "sid":"STC_Requirement_linking:100",
  "inspector":{
   "params":[
    "ShowPortLabels",
    "Permissions",
    "ErrorFcn",
    "PermitHierarchicalResolution",
    "TreatAsAtomicUnit",
    "TreatAsGroupedWhenPropagatingVariantConditions",
    "RTWSystemCode",
    "Description",
    "AllowFlexibleInterface",
    "AllowZeroVariantControls",
    "AutoFrameSizeCalculation",
    "BlockChoice",
    "ExecutionDomainType",
    "FunctionInterfaceSpec",
    "FunctionWithSeparateData",
    "IsSubsystemVirtual",
    "LabelModeActiveChoice",
    "Latency",
    "MemberBlocks",
    "MinAlgLoopOccurrences",
    "PartitionName",
    "PropagateVariantConditions",
    "RTWFcnName",
    "RTWFcnNameOpts",
    "RTWFileName",
    "RTWFileNameOpts",
    "RTWMemSecDataConstants",
    "RTWMemSecDataInternal",
    "RTWMemSecDataParameters",
    "RTWMemSecFuncExecute",
    "RTWMemSecFuncInitTerm",
    "ReferencedSubsystem",
    "ScheduleAs",
    "SetExecutionDomain",
    "ShowSubsystemReinitializePorts",
    "SystemSampleTime",
    "TemplateBlock",
    "Variant",
    "VariantActivationTime",
    "VariantChoices",
    "VariantChoicesEnumeration",
    "VariantChoicesSpecifier",
    "VariantControl",
    "VariantControlMode",
    "VariantControlVariable"
   ],
   "values":[
    "FromPortIcon",
    "ReadWrite",
    "",
    "All",
    "off",
    "on",
    "Auto",
    "",
    "on",
    "off",
    "off",
    "",
    "Deduce",
    "void_void",
    "off",
    "on",
    "",
    "0",
    "",
    "off",
    "",
    "off",
    "",
    "Auto",
    "",
    "Auto",
    "Inherit from model",
    "Inherit from model",
    "Inherit from model",
    "Inherit from model",
    "Inherit from model",
    "",
    "Sample time",
    "off",
    "off",
    "-1",
    "",
    "off",
    "update diagram",
    [
    ],
    "",
    "",
    "",
    "expression",
    ""
   ],
   "tabs":[
    "Main",
    "Code Generation",
    "Documentation",
    "-Other"
   ],
   "tabs_idx":[
    0,
    6,
    7,
    8
   ]
  },
  "informer":"<p> No Requirements </p>",
  "viewer":{
   "jshandler":"webview/handlers/ElementHandler"
  },
  "obj_viewer":[
  ],
  "finder":{
   "blocktype":"SubSystem",
   "masktype":""
  }
 },
 {
  "sid":"STC_Requirement_linking:281",
  "inspector":{
   "params":[
    "ShowPortLabels",
    "Permissions",
    "ErrorFcn",
    "PermitHierarchicalResolution",
    "TreatAsAtomicUnit",
    "TreatAsGroupedWhenPropagatingVariantConditions",
    "RTWSystemCode",
    "Description",
    "AllowFlexibleInterface",
    "AllowZeroVariantControls",
    "AutoFrameSizeCalculation",
    "BlockChoice",
    "ExecutionDomainType",
    "FunctionInterfaceSpec",
    "FunctionWithSeparateData",
    "IsSubsystemVirtual",
    "LabelModeActiveChoice",
    "Latency",
    "MemberBlocks",
    "MinAlgLoopOccurrences",
    "PartitionName",
    "PropagateVariantConditions",
    "RTWFcnName",
    "RTWFcnNameOpts",
    "RTWFileName",
    "RTWFileNameOpts",
    "RTWMemSecDataConstants",
    "RTWMemSecDataInternal",
    "RTWMemSecDataParameters",
    "RTWMemSecFuncExecute",
    "RTWMemSecFuncInitTerm",
    "ReferencedSubsystem",
    "ScheduleAs",
    "SetExecutionDomain",
    "ShowSubsystemReinitializePorts",
    "SystemSampleTime",
    "TemplateBlock",
    "Variant",
    "VariantActivationTime",
    "VariantChoices",
    "VariantChoicesEnumeration",
    "VariantChoicesSpecifier",
    "VariantControl",
    "VariantControlMode",
    "VariantControlVariable"
   ],
   "values":[
    "FromPortIcon",
    "ReadWrite",
    "",
    "All",
    "off",
    "on",
    "Auto",
    "",
    "on",
    "off",
    "off",
    "",
    "Deduce",
    "void_void",
    "off",
    "on",
    "",
    "0",
    "",
    "off",
    "",
    "off",
    "",
    "Auto",
    "",
    "Auto",
    "Inherit from model",
    "Inherit from model",
    "Inherit from model",
    "Inherit from model",
    "Inherit from model",
    "",
    "Sample time",
    "off",
    "off",
    "-1",
    "",
    "off",
    "update diagram",
    [
    ],
    "",
    "",
    "",
    "expression",
    ""
   ],
   "tabs":[
    "Main",
    "Code Generation",
    "Documentation",
    "-Other"
   ],
   "tabs_idx":[
    0,
    6,
    7,
    8
   ]
  },
  "informer":"<p> No Requirements </p>",
  "viewer":{
   "jshandler":"webview/handlers/ElementHandler"
  },
  "obj_viewer":[
  ],
  "finder":{
   "blocktype":"SubSystem",
   "masktype":""
  }
 },
 {
  "sid":"STC_Requirement_linking:159",
  "inspector":{
   "params":[
    "ShowPortLabels",
    "Permissions",
    "ErrorFcn",
    "PermitHierarchicalResolution",
    "TreatAsAtomicUnit",
    "TreatAsGroupedWhenPropagatingVariantConditions",
    "RTWSystemCode",
    "Description",
    "AllowFlexibleInterface",
    "AllowZeroVariantControls",
    "AutoFrameSizeCalculation",
    "BlockChoice",
    "ExecutionDomainType",
    "FunctionInterfaceSpec",
    "FunctionWithSeparateData",
    "IsSubsystemVirtual",
    "LabelModeActiveChoice",
    "Latency",
    "MemberBlocks",
    "MinAlgLoopOccurrences",
    "PartitionName",
    "PropagateVariantConditions",
    "RTWFcnName",
    "RTWFcnNameOpts",
    "RTWFileName",
    "RTWFileNameOpts",
    "RTWMemSecDataConstants",
    "RTWMemSecDataInternal",
    "RTWMemSecDataParameters",
    "RTWMemSecFuncExecute",
    "RTWMemSecFuncInitTerm",
    "ReferencedSubsystem",
    "ScheduleAs",
    "SetExecutionDomain",
    "ShowSubsystemReinitializePorts",
    "SystemSampleTime",
    "TemplateBlock",
    "Variant",
    "VariantActivationTime",
    "VariantChoices",
    "VariantChoicesEnumeration",
    "VariantChoicesSpecifier",
    "VariantControl",
    "VariantControlMode",
    "VariantControlVariable"
   ],
   "values":[
    "FromPortIcon",
    "ReadWrite",
    "",
    "All",
    "off",
    "on",
    "Auto",
    "",
    "on",
    "off",
    "off",
    "",
    "Deduce",
    "void_void",
    "off",
    "on",
    "",
    "0",
    "",
    "off",
    "",
    "off",
    "",
    "Auto",
    "",
    "Auto",
    "Inherit from model",
    "Inherit from model",
    "Inherit from model",
    "Inherit from model",
    "Inherit from model",
    "",
    "Sample time",
    "off",
    "off",
    "-1",
    "",
    "off",
    "update diagram",
    [
    ],
    "",
    "",
    "",
    "expression",
    ""
   ],
   "tabs":[
    "Main",
    "Code Generation",
    "Documentation",
    "-Other"
   ],
   "tabs_idx":[
    0,
    6,
    7,
    8
   ]
  },
  "informer":"<p> No Requirements </p>",
  "viewer":{
   "jshandler":"webview/handlers/ElementHandler"
  },
  "obj_viewer":[
  ],
  "finder":{
   "blocktype":"SubSystem",
   "masktype":""
  }
 },
 {
  "sid":"STC_Requirement_linking:233",
  "inspector":{
   "params":[
    "ShowPortLabels",
    "Permissions",
    "ErrorFcn",
    "PermitHierarchicalResolution",
    "TreatAsAtomicUnit",
    "TreatAsGroupedWhenPropagatingVariantConditions",
    "RTWSystemCode",
    "Description",
    "AllowFlexibleInterface",
    "AllowZeroVariantControls",
    "AutoFrameSizeCalculation",
    "BlockChoice",
    "ExecutionDomainType",
    "FunctionInterfaceSpec",
    "FunctionWithSeparateData",
    "IsSubsystemVirtual",
    "LabelModeActiveChoice",
    "Latency",
    "MemberBlocks",
    "MinAlgLoopOccurrences",
    "PartitionName",
    "PropagateVariantConditions",
    "RTWFcnName",
    "RTWFcnNameOpts",
    "RTWFileName",
    "RTWFileNameOpts",
    "RTWMemSecDataConstants",
    "RTWMemSecDataInternal",
    "RTWMemSecDataParameters",
    "RTWMemSecFuncExecute",
    "RTWMemSecFuncInitTerm",
    "ReferencedSubsystem",
    "ScheduleAs",
    "SetExecutionDomain",
    "ShowSubsystemReinitializePorts",
    "SystemSampleTime",
    "TemplateBlock",
    "Variant",
    "VariantActivationTime",
    "VariantChoices",
    "VariantChoicesEnumeration",
    "VariantChoicesSpecifier",
    "VariantControl",
    "VariantControlMode",
    "VariantControlVariable"
   ],
   "values":[
    "FromPortIcon",
    "ReadWrite",
    "",
    "All",
    "off",
    "on",
    "Auto",
    "",
    "on",
    "off",
    "off",
    "",
    "Deduce",
    "void_void",
    "off",
    "on",
    "",
    "0",
    "",
    "off",
    "",
    "off",
    "",
    "Auto",
    "",
    "Auto",
    "Inherit from model",
    "Inherit from model",
    "Inherit from model",
    "Inherit from model",
    "Inherit from model",
    "",
    "Sample time",
    "off",
    "off",
    "-1",
    "",
    "off",
    "update diagram",
    [
    ],
    "",
    "",
    "",
    "expression",
    ""
   ],
   "tabs":[
    "Main",
    "Code Generation",
    "Documentation",
    "-Other"
   ],
   "tabs_idx":[
    0,
    6,
    7,
    8
   ]
  },
  "informer":"<p> No Requirements </p>",
  "viewer":{
   "jshandler":"webview/handlers/ElementHandler"
  },
  "obj_viewer":[
  ],
  "finder":{
   "blocktype":"SubSystem",
   "masktype":""
  }
 },
 {
  "sid":"STC_Requirement_linking:198",
  "inspector":{
   "params":[
    "ShowPortLabels",
    "Permissions",
    "ErrorFcn",
    "PermitHierarchicalResolution",
    "TreatAsAtomicUnit",
    "TreatAsGroupedWhenPropagatingVariantConditions",
    "RTWSystemCode",
    "Description",
    "AllowFlexibleInterface",
    "AllowZeroVariantControls",
    "AutoFrameSizeCalculation",
    "BlockChoice",
    "ExecutionDomainType",
    "FunctionInterfaceSpec",
    "FunctionWithSeparateData",
    "IsSubsystemVirtual",
    "LabelModeActiveChoice",
    "Latency",
    "MemberBlocks",
    "MinAlgLoopOccurrences",
    "PartitionName",
    "PropagateVariantConditions",
    "RTWFcnName",
    "RTWFcnNameOpts",
    "RTWFileName",
    "RTWFileNameOpts",
    "RTWMemSecDataConstants",
    "RTWMemSecDataInternal",
    "RTWMemSecDataParameters",
    "RTWMemSecFuncExecute",
    "RTWMemSecFuncInitTerm",
    "ReferencedSubsystem",
    "ScheduleAs",
    "SetExecutionDomain",
    "ShowSubsystemReinitializePorts",
    "SystemSampleTime",
    "TemplateBlock",
    "Variant",
    "VariantActivationTime",
    "VariantChoices",
    "VariantChoicesEnumeration",
    "VariantChoicesSpecifier",
    "VariantControl",
    "VariantControlMode",
    "VariantControlVariable"
   ],
   "values":[
    "FromPortIcon",
    "ReadWrite",
    "",
    "All",
    "off",
    "on",
    "Auto",
    "",
    "on",
    "off",
    "off",
    "",
    "Deduce",
    "void_void",
    "off",
    "on",
    "",
    "0",
    "",
    "off",
    "",
    "off",
    "",
    "Auto",
    "",
    "Auto",
    "Inherit from model",
    "Inherit from model",
    "Inherit from model",
    "Inherit from model",
    "Inherit from model",
    "",
    "Sample time",
    "off",
    "off",
    "-1",
    "",
    "off",
    "update diagram",
    [
    ],
    "",
    "",
    "",
    "expression",
    ""
   ],
   "tabs":[
    "Main",
    "Code Generation",
    "Documentation",
    "-Other"
   ],
   "tabs_idx":[
    0,
    6,
    7,
    8
   ]
  },
  "informer":"<p> No Requirements </p>",
  "viewer":{
   "jshandler":"webview/handlers/ElementHandler"
  },
  "obj_viewer":[
  ],
  "finder":{
   "blocktype":"SubSystem",
   "masktype":""
  }
 },
 {
  "sid":"STC_Requirement_linking:201",
  "inspector":{
   "params":[
    "ShowPortLabels",
    "Permissions",
    "ErrorFcn",
    "PermitHierarchicalResolution",
    "TreatAsAtomicUnit",
    "TreatAsGroupedWhenPropagatingVariantConditions",
    "RTWSystemCode",
    "Description",
    "AllowFlexibleInterface",
    "AllowZeroVariantControls",
    "AutoFrameSizeCalculation",
    "BlockChoice",
    "ExecutionDomainType",
    "FunctionInterfaceSpec",
    "FunctionWithSeparateData",
    "IsSubsystemVirtual",
    "LabelModeActiveChoice",
    "Latency",
    "MemberBlocks",
    "MinAlgLoopOccurrences",
    "PartitionName",
    "PropagateVariantConditions",
    "RTWFcnName",
    "RTWFcnNameOpts",
    "RTWFileName",
    "RTWFileNameOpts",
    "RTWMemSecDataConstants",
    "RTWMemSecDataInternal",
    "RTWMemSecDataParameters",
    "RTWMemSecFuncExecute",
    "RTWMemSecFuncInitTerm",
    "ReferencedSubsystem",
    "ScheduleAs",
    "SetExecutionDomain",
    "ShowSubsystemReinitializePorts",
    "SystemSampleTime",
    "TemplateBlock",
    "Variant",
    "VariantActivationTime",
    "VariantChoices",
    "VariantChoicesEnumeration",
    "VariantChoicesSpecifier",
    "VariantControl",
    "VariantControlMode",
    "VariantControlVariable"
   ],
   "values":[
    "FromPortIcon",
    "ReadWrite",
    "",
    "All",
    "off",
    "on",
    "Auto",
    "",
    "on",
    "off",
    "off",
    "",
    "Deduce",
    "void_void",
    "off",
    "on",
    "",
    "0",
    "",
    "off",
    "",
    "off",
    "",
    "Auto",
    "",
    "Auto",
    "Inherit from model",
    "Inherit from model",
    "Inherit from model",
    "Inherit from model",
    "Inherit from model",
    "",
    "Sample time",
    "off",
    "off",
    "-1",
    "",
    "off",
    "update diagram",
    [
    ],
    "",
    "",
    "",
    "expression",
    ""
   ],
   "tabs":[
    "Main",
    "Code Generation",
    "Documentation",
    "-Other"
   ],
   "tabs_idx":[
    0,
    6,
    7,
    8
   ]
  },
  "informer":"<p> No Requirements </p>",
  "viewer":{
   "jshandler":"webview/handlers/ElementHandler"
  },
  "obj_viewer":[
  ],
  "finder":{
   "blocktype":"SubSystem",
   "masktype":""
  }
 },
 {
  "sid":"STC_Requirement_linking:256",
  "inspector":{
   "params":[
    "ShowPortLabels",
    "Permissions",
    "ErrorFcn",
    "PermitHierarchicalResolution",
    "TreatAsAtomicUnit",
    "TreatAsGroupedWhenPropagatingVariantConditions",
    "RTWSystemCode",
    "Description",
    "AllowFlexibleInterface",
    "AllowZeroVariantControls",
    "AutoFrameSizeCalculation",
    "BlockChoice",
    "ExecutionDomainType",
    "FunctionInterfaceSpec",
    "FunctionWithSeparateData",
    "IsSubsystemVirtual",
    "LabelModeActiveChoice",
    "Latency",
    "MemberBlocks",
    "MinAlgLoopOccurrences",
    "PartitionName",
    "PropagateVariantConditions",
    "RTWFcnName",
    "RTWFcnNameOpts",
    "RTWFileName",
    "RTWFileNameOpts",
    "RTWMemSecDataConstants",
    "RTWMemSecDataInternal",
    "RTWMemSecDataParameters",
    "RTWMemSecFuncExecute",
    "RTWMemSecFuncInitTerm",
    "ReferencedSubsystem",
    "ScheduleAs",
    "SetExecutionDomain",
    "ShowSubsystemReinitializePorts",
    "SystemSampleTime",
    "TemplateBlock",
    "Variant",
    "VariantActivationTime",
    "VariantChoices",
    "VariantChoicesEnumeration",
    "VariantChoicesSpecifier",
    "VariantControl",
    "VariantControlMode",
    "VariantControlVariable"
   ],
   "values":[
    "FromPortIcon",
    "ReadWrite",
    "",
    "All",
    "off",
    "on",
    "Auto",
    "",
    "on",
    "off",
    "off",
    "",
    "Deduce",
    "void_void",
    "off",
    "on",
    "",
    "0",
    "",
    "off",
    "",
    "off",
    "",
    "Auto",
    "",
    "Auto",
    "Inherit from model",
    "Inherit from model",
    "Inherit from model",
    "Inherit from model",
    "Inherit from model",
    "",
    "Sample time",
    "off",
    "off",
    "-1",
    "",
    "off",
    "update diagram",
    [
    ],
    "",
    "",
    "",
    "expression",
    ""
   ],
   "tabs":[
    "Main",
    "Code Generation",
    "Documentation",
    "-Other"
   ],
   "tabs_idx":[
    0,
    6,
    7,
    8
   ]
  },
  "informer":"<p> No Requirements </p>",
  "viewer":{
   "jshandler":"webview/handlers/ElementHandler"
  },
  "obj_viewer":[
  ],
  "finder":{
   "blocktype":"SubSystem",
   "masktype":""
  }
 },
 {
  "sid":"STC_Requirement_linking:217",
  "inspector":{
   "params":[
    "ShowPortLabels",
    "Permissions",
    "ErrorFcn",
    "PermitHierarchicalResolution",
    "TreatAsAtomicUnit",
    "TreatAsGroupedWhenPropagatingVariantConditions",
    "RTWSystemCode",
    "Description",
    "AllowFlexibleInterface",
    "AllowZeroVariantControls",
    "AutoFrameSizeCalculation",
    "BlockChoice",
    "ExecutionDomainType",
    "FunctionInterfaceSpec",
    "FunctionWithSeparateData",
    "IsSubsystemVirtual",
    "LabelModeActiveChoice",
    "Latency",
    "MemberBlocks",
    "MinAlgLoopOccurrences",
    "PartitionName",
    "PropagateVariantConditions",
    "RTWFcnName",
    "RTWFcnNameOpts",
    "RTWFileName",
    "RTWFileNameOpts",
    "RTWMemSecDataConstants",
    "RTWMemSecDataInternal",
    "RTWMemSecDataParameters",
    "RTWMemSecFuncExecute",
    "RTWMemSecFuncInitTerm",
    "ReferencedSubsystem",
    "ScheduleAs",
    "SetExecutionDomain",
    "ShowSubsystemReinitializePorts",
    "SystemSampleTime",
    "TemplateBlock",
    "Variant",
    "VariantActivationTime",
    "VariantChoices",
    "VariantChoicesEnumeration",
    "VariantChoicesSpecifier",
    "VariantControl",
    "VariantControlMode",
    "VariantControlVariable"
   ],
   "values":[
    "FromPortIcon",
    "ReadWrite",
    "",
    "All",
    "off",
    "on",
    "Auto",
    "",
    "on",
    "off",
    "off",
    "",
    "Deduce",
    "void_void",
    "off",
    "on",
    "",
    "0",
    "",
    "off",
    "",
    "off",
    "",
    "Auto",
    "",
    "Auto",
    "Inherit from model",
    "Inherit from model",
    "Inherit from model",
    "Inherit from model",
    "Inherit from model",
    "",
    "Sample time",
    "off",
    "off",
    "-1",
    "",
    "off",
    "update diagram",
    [
    ],
    "",
    "",
    "",
    "expression",
    ""
   ],
   "tabs":[
    "Main",
    "Code Generation",
    "Documentation",
    "-Other"
   ],
   "tabs_idx":[
    0,
    6,
    7,
    8
   ]
  },
  "informer":"<p> No Requirements </p>",
  "viewer":{
   "jshandler":"webview/handlers/ElementHandler"
  },
  "obj_viewer":[
  ],
  "finder":{
   "blocktype":"SubSystem",
   "masktype":""
  }
 },
 {
  "sid":"STC_Requirement_linking:227",
  "inspector":{
   "params":[
    "ShowPortLabels",
    "Permissions",
    "ErrorFcn",
    "PermitHierarchicalResolution",
    "TreatAsAtomicUnit",
    "TreatAsGroupedWhenPropagatingVariantConditions",
    "RTWSystemCode",
    "Description",
    "AllowFlexibleInterface",
    "AllowZeroVariantControls",
    "AutoFrameSizeCalculation",
    "BlockChoice",
    "ExecutionDomainType",
    "FunctionInterfaceSpec",
    "FunctionWithSeparateData",
    "IsSubsystemVirtual",
    "LabelModeActiveChoice",
    "Latency",
    "MemberBlocks",
    "MinAlgLoopOccurrences",
    "PartitionName",
    "PropagateVariantConditions",
    "RTWFcnName",
    "RTWFcnNameOpts",
    "RTWFileName",
    "RTWFileNameOpts",
    "RTWMemSecDataConstants",
    "RTWMemSecDataInternal",
    "RTWMemSecDataParameters",
    "RTWMemSecFuncExecute",
    "RTWMemSecFuncInitTerm",
    "ReferencedSubsystem",
    "ScheduleAs",
    "SetExecutionDomain",
    "ShowSubsystemReinitializePorts",
    "SystemSampleTime",
    "TemplateBlock",
    "Variant",
    "VariantActivationTime",
    "VariantChoices",
    "VariantChoicesEnumeration",
    "VariantChoicesSpecifier",
    "VariantControl",
    "VariantControlMode",
    "VariantControlVariable"
   ],
   "values":[
    "FromPortIcon",
    "ReadWrite",
    "",
    "All",
    "off",
    "on",
    "Auto",
    "",
    "on",
    "off",
    "off",
    "",
    "Deduce",
    "void_void",
    "off",
    "on",
    "",
    "0",
    "",
    "off",
    "",
    "off",
    "",
    "Auto",
    "",
    "Auto",
    "Inherit from model",
    "Inherit from model",
    "Inherit from model",
    "Inherit from model",
    "Inherit from model",
    "",
    "Sample time",
    "off",
    "off",
    "-1",
    "",
    "off",
    "update diagram",
    [
    ],
    "",
    "",
    "",
    "expression",
    ""
   ],
   "tabs":[
    "Main",
    "Code Generation",
    "Documentation",
    "-Other"
   ],
   "tabs_idx":[
    0,
    6,
    7,
    8
   ]
  },
  "informer":"<p> No Requirements </p>",
  "viewer":{
   "jshandler":"webview/handlers/ElementHandler"
  },
  "obj_viewer":[
  ],
  "finder":{
   "blocktype":"SubSystem",
   "masktype":""
  }
 },
 {
  "sid":"STC_Requirement_linking:245",
  "inspector":{
   "params":[
    "ShowPortLabels",
    "Permissions",
    "ErrorFcn",
    "PermitHierarchicalResolution",
    "TreatAsAtomicUnit",
    "TreatAsGroupedWhenPropagatingVariantConditions",
    "RTWSystemCode",
    "Description",
    "AllowFlexibleInterface",
    "AllowZeroVariantControls",
    "AutoFrameSizeCalculation",
    "BlockChoice",
    "ExecutionDomainType",
    "FunctionInterfaceSpec",
    "FunctionWithSeparateData",
    "IsSubsystemVirtual",
    "LabelModeActiveChoice",
    "Latency",
    "MemberBlocks",
    "MinAlgLoopOccurrences",
    "PartitionName",
    "PropagateVariantConditions",
    "RTWFcnName",
    "RTWFcnNameOpts",
    "RTWFileName",
    "RTWFileNameOpts",
    "RTWMemSecDataConstants",
    "RTWMemSecDataInternal",
    "RTWMemSecDataParameters",
    "RTWMemSecFuncExecute",
    "RTWMemSecFuncInitTerm",
    "ReferencedSubsystem",
    "ScheduleAs",
    "SetExecutionDomain",
    "ShowSubsystemReinitializePorts",
    "SystemSampleTime",
    "TemplateBlock",
    "Variant",
    "VariantActivationTime",
    "VariantChoices",
    "VariantChoicesEnumeration",
    "VariantChoicesSpecifier",
    "VariantControl",
    "VariantControlMode",
    "VariantControlVariable"
   ],
   "values":[
    "FromPortIcon",
    "ReadWrite",
    "",
    "All",
    "off",
    "on",
    "Auto",
    "",
    "on",
    "off",
    "off",
    "",
    "Deduce",
    "void_void",
    "off",
    "on",
    "",
    "0",
    "",
    "off",
    "",
    "off",
    "",
    "Auto",
    "",
    "Auto",
    "Inherit from model",
    "Inherit from model",
    "Inherit from model",
    "Inherit from model",
    "Inherit from model",
    "",
    "Sample time",
    "off",
    "off",
    "-1",
    "",
    "off",
    "update diagram",
    [
    ],
    "",
    "",
    "",
    "expression",
    ""
   ],
   "tabs":[
    "Main",
    "Code Generation",
    "Documentation",
    "-Other"
   ],
   "tabs_idx":[
    0,
    6,
    7,
    8
   ]
  },
  "informer":"<p> No Requirements </p>",
  "viewer":{
   "jshandler":"webview/handlers/ElementHandler"
  },
  "obj_viewer":[
  ],
  "finder":{
   "blocktype":"SubSystem",
   "masktype":""
  }
 },
 {
  "sid":"STC_Requirement_linking:205",
  "inspector":{
   "params":[
    "ShowPortLabels",
    "Permissions",
    "ErrorFcn",
    "PermitHierarchicalResolution",
    "TreatAsAtomicUnit",
    "TreatAsGroupedWhenPropagatingVariantConditions",
    "RTWSystemCode",
    "Description",
    "AllowFlexibleInterface",
    "AllowZeroVariantControls",
    "AutoFrameSizeCalculation",
    "BlockChoice",
    "ExecutionDomainType",
    "FunctionInterfaceSpec",
    "FunctionWithSeparateData",
    "IsSubsystemVirtual",
    "LabelModeActiveChoice",
    "Latency",
    "MemberBlocks",
    "MinAlgLoopOccurrences",
    "PartitionName",
    "PropagateVariantConditions",
    "RTWFcnName",
    "RTWFcnNameOpts",
    "RTWFileName",
    "RTWFileNameOpts",
    "RTWMemSecDataConstants",
    "RTWMemSecDataInternal",
    "RTWMemSecDataParameters",
    "RTWMemSecFuncExecute",
    "RTWMemSecFuncInitTerm",
    "ReferencedSubsystem",
    "ScheduleAs",
    "SetExecutionDomain",
    "ShowSubsystemReinitializePorts",
    "SystemSampleTime",
    "TemplateBlock",
    "Variant",
    "VariantActivationTime",
    "VariantChoices",
    "VariantChoicesEnumeration",
    "VariantChoicesSpecifier",
    "VariantControl",
    "VariantControlMode",
    "VariantControlVariable"
   ],
   "values":[
    "FromPortIcon",
    "ReadWrite",
    "",
    "All",
    "off",
    "on",
    "Auto",
    "",
    "on",
    "off",
    "off",
    "",
    "Deduce",
    "void_void",
    "off",
    "on",
    "",
    "0",
    "",
    "off",
    "",
    "off",
    "",
    "Auto",
    "",
    "Auto",
    "Inherit from model",
    "Inherit from model",
    "Inherit from model",
    "Inherit from model",
    "Inherit from model",
    "",
    "Sample time",
    "off",
    "off",
    "-1",
    "",
    "off",
    "update diagram",
    [
    ],
    "",
    "",
    "",
    "expression",
    ""
   ],
   "tabs":[
    "Main",
    "Code Generation",
    "Documentation",
    "-Other"
   ],
   "tabs_idx":[
    0,
    6,
    7,
    8
   ]
  },
  "informer":"<p> No Requirements </p>",
  "viewer":{
   "jshandler":"webview/handlers/ElementHandler"
  },
  "obj_viewer":[
  ],
  "finder":{
   "blocktype":"SubSystem",
   "masktype":""
  }
 },
 {
  "sid":"STC_Requirement_linking:210",
  "inspector":{
   "params":[
    "ShowPortLabels",
    "Permissions",
    "ErrorFcn",
    "PermitHierarchicalResolution",
    "TreatAsAtomicUnit",
    "TreatAsGroupedWhenPropagatingVariantConditions",
    "RTWSystemCode",
    "Description",
    "AllowFlexibleInterface",
    "AllowZeroVariantControls",
    "AutoFrameSizeCalculation",
    "BlockChoice",
    "ExecutionDomainType",
    "FunctionInterfaceSpec",
    "FunctionWithSeparateData",
    "IsSubsystemVirtual",
    "LabelModeActiveChoice",
    "Latency",
    "MemberBlocks",
    "MinAlgLoopOccurrences",
    "PartitionName",
    "PropagateVariantConditions",
    "RTWFcnName",
    "RTWFcnNameOpts",
    "RTWFileName",
    "RTWFileNameOpts",
    "RTWMemSecDataConstants",
    "RTWMemSecDataInternal",
    "RTWMemSecDataParameters",
    "RTWMemSecFuncExecute",
    "RTWMemSecFuncInitTerm",
    "ReferencedSubsystem",
    "ScheduleAs",
    "SetExecutionDomain",
    "ShowSubsystemReinitializePorts",
    "SystemSampleTime",
    "TemplateBlock",
    "Variant",
    "VariantActivationTime",
    "VariantChoices",
    "VariantChoicesEnumeration",
    "VariantChoicesSpecifier",
    "VariantControl",
    "VariantControlMode",
    "VariantControlVariable"
   ],
   "values":[
    "FromPortIcon",
    "ReadWrite",
    "",
    "All",
    "off",
    "on",
    "Auto",
    "",
    "on",
    "off",
    "off",
    "",
    "Deduce",
    "void_void",
    "off",
    "on",
    "",
    "0",
    "",
    "off",
    "",
    "off",
    "",
    "Auto",
    "",
    "Auto",
    "Inherit from model",
    "Inherit from model",
    "Inherit from model",
    "Inherit from model",
    "Inherit from model",
    "",
    "Sample time",
    "off",
    "off",
    "-1",
    "",
    "off",
    "update diagram",
    [
    ],
    "",
    "",
    "",
    "expression",
    ""
   ],
   "tabs":[
    "Main",
    "Code Generation",
    "Documentation",
    "-Other"
   ],
   "tabs_idx":[
    0,
    6,
    7,
    8
   ]
  },
  "informer":"<p> No Requirements </p>",
  "viewer":{
   "jshandler":"webview/handlers/ElementHandler"
  },
  "obj_viewer":[
  ],
  "finder":{
   "blocktype":"SubSystem",
   "masktype":""
  }
 }
]