[
 {
  "sid":"STC_Requirement_linking:333",
  "inspector":{
   "params":[
    "LabelPosition",
    "Binding",
    "ShowInitialText",
    "ShowPropertyInspector",
    "ScaleType",
    "Limits",
    "Description"
   ],
   "values":[
    "Top",
    "<Simulink.HMI.ParamSourceInfo>",
    "on",
    "",
    "Linear",
    [
     0,
     -1,
     100
    ],
    ""
   ],
   "tabs":[
    "Parameter Attributes",
    "Documentation"
   ],
   "tabs_idx":[
    0,
    6
   ]
  },
  "informer":"<html><head><meta charset=\"UTF-8\"></head><body>\n<h2><font color=\"#993300\">\"ANalog Road_2\" <i>(KnobBlock)</i></font></h2>\n<hr>\n<font color=\"#993300\"><h3>1. Task6</h3>\nLink to Microsoft Excel<br/>\nDocument: <font color=\"blue\">https://d.docs.live.net/2f5c967ff34fd347/Desktop/MBD_KPIT/SmartTC_Project/STC_Nova_task/Requirement_Linking_STC/RequirementLinking_STC.xlsx</font><br/>\nLocation/Item: <font color=\"blue\">@Simulink_requirement_item_6</font><br/>\n</font>\n\n\n\n\n\n\n\n\n<table border=1 cellpadding=0 cellspacing=0 width=64 style='border-collapse:\n collapse;table-layout:fixed;width:48pt'>\n <col width=64 style='width:48pt'>\n <tr height=19 style='height:14.4pt'>\n  <td height=19 class=xl1531497 width=64 style='height:14.4pt;width:48pt'><a\n  name=\"RANGE!A1\">Task6</a></td>\n </tr>\n \n</table>\n\n</body></html>\n",
  "viewer":{
   "jshandler":"webview/handlers/ElementHandler"
  },
  "obj_viewer":[
  ],
  "finder":{
   "blocktype":"KnobBlock",
   "masktype":""
  }
 },
 {
  "sid":"STC_Requirement_linking:332",
  "inspector":{
   "params":[
    "LabelPosition",
    "Binding",
    "ShowInitialText",
    "ShowPropertyInspector",
    "ScaleType",
    "Limits",
    "Description"
   ],
   "values":[
    "Top",
    "<Simulink.HMI.ParamSourceInfo>",
    "on",
    "",
    "Linear",
    [
     0,
     -1,
     100
    ],
    ""
   ],
   "tabs":[
    "Parameter Attributes",
    "Documentation"
   ],
   "tabs_idx":[
    0,
    6
   ]
  },
  "informer":"<html><head><meta charset=\"UTF-8\"></head><body>\n<h2><font color=\"#993300\">\"Analog Road_1\" <i>(KnobBlock, 3 links)</i></font></h2>\n<hr>\n<font color=\"#993300\"><h3>1. Task5</h3>\nLink to Microsoft Excel<br/>\nDocument: <font color=\"blue\">https://d.docs.live.net/2f5c967ff34fd347/Desktop/MBD_KPIT/SmartTC_Project/STC_Nova_task/Requirement_Linking_STC/RequirementLinking_STC.xlsx</font><br/>\nLocation/Item: <font color=\"blue\">@Simulink_requirement_item_5</font><br/>\n</font>\n\n\n\n\n\n\n\n\n<table border=1 cellpadding=0 cellspacing=0 width=64 style='border-collapse:\n collapse;table-layout:fixed;width:48pt'>\n <col width=64 style='width:48pt'>\n <tr height=19 style='height:14.4pt'>\n  <td height=19 class=xl1531497 width=64 style='height:14.4pt;width:48pt'><a\n  name=\"RANGE!A1\">Task5</a></td>\n </tr>\n \n</table>\n\n<hr>\n<font color=\"#993300\"><h3>2. link #12</h3>\nLink to Requirements Toolbox<br/>\nDocument: <font color=\"blue\">STC_SimulinkRequrementEditor.slreqx</font><br/>\nLocation/Item: <font color=\"blue\">ID-3</font><br/>\n</font>\n<!DOCTYPE HTML PUBLIC \"-//W3C//DTD HTML 4.0//EN\" \"http://www.w3.org/TR/REC-html40/strict.dtd\">\n<html><head><meta name=\"qrichtext\" content=\"1\" /><style type=\"text/css\">\np, li { white-space: pre-wrap; }\n</style></head><body align=\"left\" style=\" font-family:'MS Shell Dlg 2','MS Shell Dlg 2'; font-size:10pt; font-weight:400; font-style:normal;\">\n<p align=\"left\" style=\" margin-top:0px; margin-bottom:0px; margin-left:0px; margin-right:0px; -qt-block-indent:0; text-indent:0px;\"><span style=\" font-family:'MS Shell Dlg 2';\">Analog_input1</span></p></body></html>\n<hr>\n<font color=\"#993300\"><h3>3. link #13</h3>\nLink to Requirements Toolbox<br/>\nDocument: <font color=\"blue\">STC_SimulinkRequrementEditor.slreqx</font><br/>\nLocation/Item: <font color=\"blue\">ID-3.1</font><br/>\n</font>\n<h3>Analog_input2</h3>\n<!DOCTYPE HTML PUBLIC \"-//W3C//DTD HTML 4.0//EN\" \"http://www.w3.org/TR/REC-html40/strict.dtd\">\n<html><head><meta name=\"qrichtext\" content=\"1\" /><style type=\"text/css\">\np, li { white-space: pre-wrap; }\n</style></head><body align=\"left\" style=\" font-family:'MS Shell Dlg 2','MS Shell Dlg 2'; font-size:10pt; font-weight:400; font-style:normal;\">\n<p align=\"left\" style=\" margin-top:0px; margin-bottom:0px; margin-left:0px; margin-right:0px; -qt-block-indent:0; text-indent:0px;\"><span style=\" font-family:'MS Shell Dlg 2';\">Second Analog input2</span></p>\n<p align=\"left\" style=\"-qt-paragraph-type:empty; margin-top:0px; margin-bottom:0px; margin-left:0px; margin-right:0px; -qt-block-indent:0; text-indent:0px; font-family:'MS Shell Dlg 2';\"><br /></p></body></html>\n</body></html>\n",
  "viewer":{
   "jshandler":"webview/handlers/ElementHandler"
  },
  "obj_viewer":[
  ],
  "finder":{
   "blocktype":"KnobBlock",
   "masktype":""
  }
 },
 {
  "sid":"STC_Requirement_linking:334",
  "inspector":{
   "params":[
    "LabelPosition",
    "Binding",
    "ShowInitialText",
    "ShowPropertyInspector",
    "ScaleType",
    "Limits",
    "Description"
   ],
   "values":[
    "Top",
    "<Simulink.HMI.ParamSourceInfo>",
    "on",
    "",
    "Linear",
    [
     0,
     -1,
     100
    ],
    ""
   ],
   "tabs":[
    "Parameter Attributes",
    "Documentation"
   ],
   "tabs_idx":[
    0,
    6
   ]
  },
  "informer":"<html><head><meta charset=\"UTF-8\"></head><body>\n<h2><font color=\"#993300\">\"Analog Road_3\" <i>(KnobBlock)</i></font></h2>\n<hr>\n<font color=\"#993300\"><h3>1. link #14</h3>\nLink to Requirements Toolbox<br/>\nDocument: <font color=\"blue\">STC_SimulinkRequrementEditor.slreqx</font><br/>\nLocation/Item: <font color=\"blue\">ID-3.2</font><br/>\n</font>\n<h3>Analog_3</h3>\n<!DOCTYPE HTML PUBLIC \"-//W3C//DTD HTML 4.0//EN\" \"http://www.w3.org/TR/REC-html40/strict.dtd\">\n<html><head><meta name=\"qrichtext\" content=\"1\" /><style type=\"text/css\">\np, li { white-space: pre-wrap; }\n</style></head><body align=\"left\" style=\" font-family:'MS Shell Dlg 2','MS Shell Dlg 2'; font-size:10pt; font-weight:400; font-style:normal;\">\n<p align=\"left\" style=\" margin-top:0px; margin-bottom:0px; margin-left:0px; margin-right:0px; -qt-block-indent:0; text-indent:0px;\">Analog input road 3</p>\n<p align=\"left\" style=\"-qt-paragraph-type:empty; margin-top:0px; margin-bottom:0px; margin-left:0px; margin-right:0px; -qt-block-indent:0; text-indent:0px;\"><br /></p></body></html>\n</body></html>\n",
  "viewer":{
   "jshandler":"webview/handlers/ElementHandler"
  },
  "obj_viewer":[
  ],
  "finder":{
   "blocktype":"KnobBlock",
   "masktype":""
  }
 },
 {
  "sid":"STC_Requirement_linking:323",
  "inspector":{
   "params":[
    "LabelPosition",
    "Binding",
    "ShowInitialText",
    "ShowPropertyInspector",
    "fixedAspectRatio",
    "format",
    "formatString",
    "Description"
   ],
   "values":[
    "Hide",
    "<Simulink.HMI.ParamSourceInfo>",
    "on",
    "",
    "on",
    "",
    "",
    ""
   ],
   "tabs":[
    "Parameter Attributes",
    "Documentation"
   ],
   "tabs_idx":[
    0,
    7
   ]
  },
  "informer":"<html><head><meta charset=\"UTF-8\"></head><body>\n<h2><font color=\"#993300\">\"DIgital_ip_Road1\" <i>(CustomTuningWebBlock, 2 links)</i></font></h2>\n<hr>\n<font color=\"#993300\"><h3>1. Task2</h3>\nLink to Microsoft Excel<br/>\nDocument: <font color=\"blue\">https://d.docs.live.net/2f5c967ff34fd347/Desktop/MBD_KPIT/SmartTC_Project/STC_Nova_task/Requirement_Linking_STC/RequirementLinking_STC.xlsx</font><br/>\nLocation/Item: <font color=\"blue\">@Simulink_requirement_item_2</font><br/>\n</font>\n\n\n\n\n\n\n\n\n<table border=1 cellpadding=0 cellspacing=0 width=64 style='border-collapse:\n collapse;table-layout:fixed;width:48pt'>\n <col width=64 style='width:48pt'>\n <tr height=19 style='height:14.4pt'>\n  <td height=19 class=xl1531497 width=64 style='height:14.4pt;width:48pt'><a\n  name=\"RANGE!A1\">Task2</a></td>\n </tr>\n \n</table>\n\n<hr>\n<font color=\"#993300\"><h3>2. link #10</h3>\nLink to Requirements Toolbox<br/>\nDocument: <font color=\"blue\">STC_SimulinkRequrementEditor.slreqx</font><br/>\nLocation/Item: <font color=\"blue\">ID-2</font><br/>\n</font>\n<!DOCTYPE HTML PUBLIC \"-//W3C//DTD HTML 4.0//EN\" \"http://www.w3.org/TR/REC-html40/strict.dtd\">\n<html><head><meta name=\"qrichtext\" content=\"1\" /><style type=\"text/css\">\np, li { white-space: pre-wrap; }\n</style></head><body align=\"left\" style=\" font-family:'MS Shell Dlg 2','MS Shell Dlg 2'; font-size:10pt; font-weight:400; font-style:normal;\">\n<p align=\"left\" style=\" margin-top:0px; margin-bottom:0px; margin-left:0px; margin-right:0px; -qt-block-indent:0; text-indent:0px;\"><span style=\" font-family:'MS Shell Dlg 2';\">Digital_Switch for each road</span></p>\n<p align=\"left\" style=\"-qt-paragraph-type:empty; margin-top:0px; margin-bottom:0px; margin-left:0px; margin-right:0px; -qt-block-indent:0; text-indent:0px; font-family:'MS Shell Dlg 2';\"><br /></p>\n<p align=\"left\" style=\"-qt-paragraph-type:empty; margin-top:0px; margin-bottom:0px; margin-left:0px; margin-right:0px; -qt-block-indent:0; text-indent:0px; font-family:'MS Shell Dlg 2';\"><br /></p></body></html>\n</body></html>\n",
  "viewer":{
   "jshandler":"webview/handlers/ElementHandler"
  },
  "obj_viewer":[
  ],
  "finder":{
   "blocktype":"CustomTuningWebBlock",
   "masktype":""
  }
 },
 {
  "sid":"STC_Requirement_linking:324",
  "inspector":{
   "params":[
    "LabelPosition",
    "Binding",
    "ShowInitialText",
    "ShowPropertyInspector",
    "fixedAspectRatio",
    "format",
    "formatString",
    "Description"
   ],
   "values":[
    "Hide",
    "<Simulink.HMI.ParamSourceInfo>",
    "on",
    "",
    "on",
    "",
    "",
    ""
   ],
   "tabs":[
    "Parameter Attributes",
    "Documentation"
   ],
   "tabs_idx":[
    0,
    7
   ]
  },
  "informer":"<html><head><meta charset=\"UTF-8\"></head><body>\n<h2><font color=\"#993300\">\"DIgital_ip_Road2\" <i>(CustomTuningWebBlock, 2 links)</i></font></h2>\n<hr>\n<font color=\"#993300\"><h3>1. Task7</h3>\nLink to Microsoft Excel<br/>\nDocument: <font color=\"blue\">https://d.docs.live.net/2f5c967ff34fd347/Desktop/MBD_KPIT/SmartTC_Project/STC_Nova_task/Requirement_Linking_STC/RequirementLinking_STC.xlsx</font><br/>\nLocation/Item: <font color=\"blue\">@Simulink_requirement_item_7</font><br/>\n</font>\n\n\n\n\n\n\n\n\n<table border=1 cellpadding=0 cellspacing=0 width=64 style='border-collapse:\n collapse;table-layout:fixed;width:48pt'>\n <col width=64 style='width:48pt'>\n <tr height=19 style='height:14.4pt'>\n  <td height=19 class=xl1531497 width=64 style='height:14.4pt;width:48pt'><a\n  name=\"RANGE!A1\">Task7</a></td>\n </tr>\n \n</table>\n\n<hr>\n<font color=\"#993300\"><h3>2. link #11</h3>\nLink to Requirements Toolbox<br/>\nDocument: <font color=\"blue\">STC_SimulinkRequrementEditor.slreqx</font><br/>\nLocation/Item: <font color=\"blue\">ID-2.1</font><br/>\n</font>\n<h3>Digital_S2</h3>\n<!DOCTYPE HTML PUBLIC \"-//W3C//DTD HTML 4.0//EN\" \"http://www.w3.org/TR/REC-html40/strict.dtd\">\n<html><head><meta name=\"qrichtext\" content=\"1\" /><style type=\"text/css\">\np, li { white-space: pre-wrap; }\n</style></head><body align=\"left\" style=\" font-family:'MS Shell Dlg 2','MS Shell Dlg 2'; font-size:10pt; font-weight:400; font-style:normal;\">\n<p align=\"left\" style=\" margin-top:0px; margin-bottom:0px; margin-left:0px; margin-right:0px; -qt-block-indent:0; text-indent:0px;\"><span style=\" font-family:'MS Shell Dlg 2';\">Second Switch it means road 2</span></p>\n<p align=\"left\" style=\"-qt-paragraph-type:empty; margin-top:0px; margin-bottom:0px; margin-left:0px; margin-right:0px; -qt-block-indent:0; text-indent:0px; font-family:'MS Shell Dlg 2';\"><br /></p></body></html>\n</body></html>\n",
  "viewer":{
   "jshandler":"webview/handlers/ElementHandler"
  },
  "obj_viewer":[
  ],
  "finder":{
   "blocktype":"CustomTuningWebBlock",
   "masktype":""
  }
 },
 {
  "sid":"STC_Requirement_linking:325",
  "inspector":{
   "params":[
    "LabelPosition",
    "Binding",
    "ShowInitialText",
    "ShowPropertyInspector",
    "fixedAspectRatio",
    "format",
    "formatString",
    "Description"
   ],
   "values":[
    "Hide",
    "<Simulink.HMI.ParamSourceInfo>",
    "on",
    "",
    "on",
    "",
    "",
    ""
   ],
   "tabs":[
    "Parameter Attributes",
    "Documentation"
   ],
   "tabs_idx":[
    0,
    7
   ]
  },
  "informer":"<p> No Requirements </p>",
  "viewer":{
   "jshandler":"webview/handlers/ElementHandler"
  },
  "obj_viewer":[
  ],
  "finder":{
   "blocktype":"CustomTuningWebBlock",
   "masktype":""
  }
 },
 {
  "sid":"STC_Requirement_linking:307",
  "inspector":{
   "params":[
    "LabelPosition",
    "Binding",
    "ShowInitialText",
    "ShowPropertyInspector",
    "ColorDefault",
    "StateColors",
    "Opacity",
    "Description"
   ],
   "values":[
    "Hide",
    "<Simulink.HMI.SignalSpecification>",
    "on",
    "",
    [
     0.75294117647058822,
     0.75294117647058822,
     0.75294117647058822
    ],
    "    Value: 3\n    Color: [0.3922 0.8314 0.0745]",
    "1",
    ""
   ],
   "tabs":[
    "Parameter Attributes",
    "Documentation"
   ],
   "tabs_idx":[
    0,
    7
   ]
  },
  "informer":"<html><head><meta charset=\"UTF-8\"></head><body>\n<h2><font color=\"#993300\">\"Lamp\" <i>(LampBlock)</i></font></h2>\n<hr>\n<font color=\"#993300\"><h3>1. Task8</h3>\nLink to Microsoft Excel<br/>\nDocument: <font color=\"blue\">https://d.docs.live.net/2f5c967ff34fd347/Desktop/MBD_KPIT/SmartTC_Project/STC_Nova_task/Requirement_Linking_STC/RequirementLinking_STC.xlsx</font><br/>\nLocation/Item: <font color=\"blue\">@Simulink_requirement_item_8</font><br/>\n</font>\n\n\n\n\n\n\n\n\n<table border=1 cellpadding=0 cellspacing=0 width=64 style='border-collapse:\n collapse;table-layout:fixed;width:48pt'>\n <col width=64 style='width:48pt'>\n <tr height=19 style='height:14.4pt'>\n  <td height=19 class=xl1531497 width=64 style='height:14.4pt;width:48pt'><a\n  name=\"RANGE!A1\">Task8</a></td>\n </tr>\n \n</table>\n\n</body></html>\n",
  "viewer":{
   "jshandler":"webview/handlers/ElementHandler"
  },
  "obj_viewer":[
  ],
  "finder":{
   "blocktype":"LampBlock",
   "masktype":""
  }
 },
 {
  "sid":"STC_Requirement_linking:321",
  "inspector":{
   "params":[
    "LabelPosition",
    "Binding",
    "ShowInitialText",
    "ShowPropertyInspector",
    "ColorDefault",
    "StateColors",
    "Opacity",
    "Description"
   ],
   "values":[
    "Hide",
    "<Simulink.HMI.SignalSpecification>",
    "on",
    "",
    [
     0.75294117647058822,
     0.75294117647058822,
     0.75294117647058822
    ],
    "[2x1 struct w/ fields: Value, Color]",
    "1",
    ""
   ],
   "tabs":[
    "Parameter Attributes",
    "Documentation"
   ],
   "tabs_idx":[
    0,
    7
   ]
  },
  "informer":"<p> No Requirements </p>",
  "viewer":{
   "jshandler":"webview/handlers/ElementHandler"
  },
  "obj_viewer":[
  ],
  "finder":{
   "blocktype":"LampBlock",
   "masktype":""
  }
 },
 {
  "sid":"STC_Requirement_linking:318",
  "inspector":{
   "params":[
    "LabelPosition",
    "Binding",
    "ShowInitialText",
    "ShowPropertyInspector",
    "ColorDefault",
    "StateColors",
    "Opacity",
    "Description"
   ],
   "values":[
    "Hide",
    "<Simulink.HMI.SignalSpecification>",
    "on",
    "",
    [
     0.75294117647058822,
     0.75294117647058822,
     0.75294117647058822
    ],
    "[2x1 struct w/ fields: Value, Color]",
    "1",
    ""
   ],
   "tabs":[
    "Parameter Attributes",
    "Documentation"
   ],
   "tabs_idx":[
    0,
    7
   ]
  },
  "informer":"<p> No Requirements </p>",
  "viewer":{
   "jshandler":"webview/handlers/ElementHandler"
  },
  "obj_viewer":[
  ],
  "finder":{
   "blocktype":"LampBlock",
   "masktype":""
  }
 },
 {
  "sid":"STC_Requirement_linking:311",
  "inspector":{
   "params":[
    "LabelPosition",
    "Binding",
    "ShowInitialText",
    "ShowPropertyInspector",
    "ColorDefault",
    "StateColors",
    "Opacity",
    "Description"
   ],
   "values":[
    "Hide",
    "<Simulink.HMI.SignalSpecification>",
    "on",
    "",
    [
     0.75294117647058822,
     0.75294117647058822,
     0.75294117647058822
    ],
    "    Value: 3\n    Color: [0.3922 0.8314 0.0745]",
    "1",
    ""
   ],
   "tabs":[
    "Parameter Attributes",
    "Documentation"
   ],
   "tabs_idx":[
    0,
    7
   ]
  },
  "informer":"<p> No Requirements </p>",
  "viewer":{
   "jshandler":"webview/handlers/ElementHandler"
  },
  "obj_viewer":[
  ],
  "finder":{
   "blocktype":"LampBlock",
   "masktype":""
  }
 },
 {
  "sid":"STC_Requirement_linking:322",
  "inspector":{
   "params":[
    "LabelPosition",
    "Binding",
    "ShowInitialText",
    "ShowPropertyInspector",
    "ColorDefault",
    "StateColors",
    "Opacity",
    "Description"
   ],
   "values":[
    "Hide",
    "<Simulink.HMI.SignalSpecification>",
    "on",
    "",
    [
     0.75294117647058822,
     0.75294117647058822,
     0.75294117647058822
    ],
    "    Value: 1\n    Color: [0.9961 0.2000 0.0392]",
    "1",
    ""
   ],
   "tabs":[
    "Parameter Attributes",
    "Documentation"
   ],
   "tabs_idx":[
    0,
    7
   ]
  },
  "informer":"<p> No Requirements </p>",
  "viewer":{
   "jshandler":"webview/handlers/ElementHandler"
  },
  "obj_viewer":[
  ],
  "finder":{
   "blocktype":"LampBlock",
   "masktype":""
  }
 },
 {
  "sid":"STC_Requirement_linking:319",
  "inspector":{
   "params":[
    "LabelPosition",
    "Binding",
    "ShowInitialText",
    "ShowPropertyInspector",
    "ColorDefault",
    "StateColors",
    "Opacity",
    "Description"
   ],
   "values":[
    "Hide",
    "<Simulink.HMI.SignalSpecification>",
    "on",
    "",
    [
     0.75294117647058822,
     0.75294117647058822,
     0.75294117647058822
    ],
    "[2x1 struct w/ fields: Value, Color]",
    "1",
    ""
   ],
   "tabs":[
    "Parameter Attributes",
    "Documentation"
   ],
   "tabs_idx":[
    0,
    7
   ]
  },
  "informer":"<p> No Requirements </p>",
  "viewer":{
   "jshandler":"webview/handlers/ElementHandler"
  },
  "obj_viewer":[
  ],
  "finder":{
   "blocktype":"LampBlock",
   "masktype":""
  }
 },
 {
  "sid":"STC_Requirement_linking:320",
  "inspector":{
   "params":[
    "LabelPosition",
    "Binding",
    "ShowInitialText",
    "ShowPropertyInspector",
    "ColorDefault",
    "StateColors",
    "Opacity",
    "Description"
   ],
   "values":[
    "Hide",
    "<Simulink.HMI.SignalSpecification>",
    "on",
    "",
    [
     0.75294117647058822,
     0.75294117647058822,
     0.75294117647058822
    ],
    "    Value: 1\n    Color: [0.9961 0.2000 0.0392]",
    "1",
    ""
   ],
   "tabs":[
    "Parameter Attributes",
    "Documentation"
   ],
   "tabs_idx":[
    0,
    7
   ]
  },
  "informer":"<p> No Requirements </p>",
  "viewer":{
   "jshandler":"webview/handlers/ElementHandler"
  },
  "obj_viewer":[
  ],
  "finder":{
   "blocktype":"LampBlock",
   "masktype":""
  }
 },
 {
  "sid":"STC_Requirement_linking:314",
  "inspector":{
   "params":[
    "LabelPosition",
    "Binding",
    "ShowInitialText",
    "ShowPropertyInspector",
    "ColorDefault",
    "StateColors",
    "Opacity",
    "Description"
   ],
   "values":[
    "Hide",
    "<Simulink.HMI.SignalSpecification>",
    "on",
    "",
    [
     0.75294117647058822,
     0.75294117647058822,
     0.75294117647058822
    ],
    "    Value: 3\n    Color: [0.3922 0.8314 0.0745]",
    "1",
    ""
   ],
   "tabs":[
    "Parameter Attributes",
    "Documentation"
   ],
   "tabs_idx":[
    0,
    7
   ]
  },
  "informer":"<p> No Requirements </p>",
  "viewer":{
   "jshandler":"webview/handlers/ElementHandler"
  },
  "obj_viewer":[
  ],
  "finder":{
   "blocktype":"LampBlock",
   "masktype":""
  }
 },
 {
  "sid":"STC_Requirement_linking:317",
  "inspector":{
   "params":[
    "LabelPosition",
    "Binding",
    "ShowInitialText",
    "ShowPropertyInspector",
    "ColorDefault",
    "StateColors",
    "Opacity",
    "Description"
   ],
   "values":[
    "Hide",
    "<Simulink.HMI.SignalSpecification>",
    "on",
    "",
    [
     0.75294117647058822,
     0.75294117647058822,
     0.75294117647058822
    ],
    "    Value: 1\n    Color: [0.9961 0.2000 0.0392]",
    "1",
    ""
   ],
   "tabs":[
    "Parameter Attributes",
    "Documentation"
   ],
   "tabs_idx":[
    0,
    7
   ]
  },
  "informer":"<p> No Requirements </p>",
  "viewer":{
   "jshandler":"webview/handlers/ElementHandler"
  },
  "obj_viewer":[
  ],
  "finder":{
   "blocktype":"LampBlock",
   "masktype":""
  }
 },
 {
  "sid":"STC_Requirement_linking:326",
  "inspector":{
   "params":[
    "LabelPosition",
    "Binding",
    "ShowInitialText",
    "ShowPropertyInspector",
    "States",
    "Description"
   ],
   "values":[
    "Top",
    "<Simulink.HMI.ParamSourceInfo>",
    "on",
    "",
    "[2x1 struct w/ fields: Value, Label]",
    ""
   ],
   "tabs":[
    "Parameter Attributes",
    "Documentation"
   ],
   "tabs_idx":[
    0,
    5
   ]
  },
  "informer":"<html><head><meta charset=\"UTF-8\"></head><body>\n<h2><font color=\"#993300\">\"Manuua_Override\" <i>(ToggleSwitchBlock, 2 links)</i></font></h2>\n<hr>\n<font color=\"#993300\"><h3>1. Task1</h3>\nLink to Microsoft Excel<br/>\nDocument: <font color=\"blue\">https://d.docs.live.net/2f5c967ff34fd347/Desktop/MBD_KPIT/SmartTC_Project/STC_Nova_task/Requirement_Linking_STC/RequirementLinking_STC.xlsx</font><br/>\nLocation/Item: <font color=\"blue\">@Simulink_requirement_item_1</font><br/>\n</font>\n\n\n\n\n\n\n\n\n<table border=1 cellpadding=0 cellspacing=0 width=64 style='border-collapse:\n collapse;table-layout:fixed;width:48pt'>\n <col width=64 style='width:48pt'>\n <tr height=19 style='height:14.4pt'>\n  <td height=19 class=xl1531497 width=64 style='height:14.4pt;width:48pt'><a\n  name=\"RANGE!A1\">Task1</a></td>\n </tr>\n \n</table>\n\n<hr>\n<font color=\"#993300\"><h3>2. link #9</h3>\nLink to Requirements Toolbox<br/>\nDocument: <font color=\"blue\">STC_SimulinkRequrementEditor.slreqx</font><br/>\nLocation/Item: <font color=\"blue\">ID-1</font><br/>\n</font>\n<h3>ManuualOveride</h3>\n<!DOCTYPE HTML PUBLIC \"-//W3C//DTD HTML 4.0//EN\" \"http://www.w3.org/TR/REC-html40/strict.dtd\">\n<html><head><meta name=\"qrichtext\" content=\"1\" /><style type=\"text/css\">\np, li { white-space: pre-wrap; }\n</style></head><body align=\"left\" style=\" font-family:'MS Shell Dlg 2','MS Shell Dlg 2'; font-size:10pt; font-weight:400; font-style:normal;\">\n<p align=\"left\" style=\" margin-top:0px; margin-bottom:0px; margin-left:0px; margin-right:0px; -qt-block-indent:0; text-indent:0px;\"><span style=\" font-family:'MS Shell Dlg 2';\">Smart option manuual override</span></p></body></html>\n</body></html>\n",
  "viewer":{
   "jshandler":"webview/handlers/ElementHandler"
  },
  "obj_viewer":[
  ],
  "finder":{
   "blocktype":"ToggleSwitchBlock",
   "masktype":""
  }
 },
 {
  "sid":"STC_Requirement_linking:331",
  "inspector":{
   "params":[
    "ShowPortLabels",
    "Permissions",
    "ErrorFcn",
    "PermitHierarchicalResolution",
    "TreatAsAtomicUnit",
    "TreatAsGroupedWhenPropagatingVariantConditions",
    "RTWSystemCode",
    "Description",
    "AllowFlexibleInterface",
    "AllowZeroVariantControls",
    "AutoFrameSizeCalculation",
    "BlockChoice",
    "ExecutionDomainType",
    "FunctionInterfaceSpec",
    "FunctionWithSeparateData",
    "IsSubsystemVirtual",
    "LabelModeActiveChoice",
    "Latency",
    "MemberBlocks",
    "MinAlgLoopOccurrences",
    "PartitionName",
    "PropagateVariantConditions",
    "RTWFcnName",
    "RTWFcnNameOpts",
    "RTWFileName",
    "RTWFileNameOpts",
    "RTWMemSecDataConstants",
    "RTWMemSecDataInternal",
    "RTWMemSecDataParameters",
    "RTWMemSecFuncExecute",
    "RTWMemSecFuncInitTerm",
    "ReferencedSubsystem",
    "ScheduleAs",
    "SetExecutionDomain",
    "ShowSubsystemReinitializePorts",
    "SystemSampleTime",
    "TemplateBlock",
    "Variant",
    "VariantActivationTime",
    "VariantChoices",
    "VariantChoicesEnumeration",
    "VariantChoicesSpecifier",
    "VariantControl",
    "VariantControlMode",
    "VariantControlVariable"
   ],
   "values":[
    "FromPortIcon",
    "ReadWrite",
    "",
    "All",
    "off",
    "on",
    "Auto",
    "",
    "on",
    "off",
    "off",
    "",
    "Deduce",
    "void_void",
    "off",
    "on",
    "",
    "0",
    "",
    "off",
    "",
    "off",
    "",
    "Auto",
    "",
    "Auto",
    "Inherit from model",
    "Inherit from model",
    "Inherit from model",
    "Inherit from model",
    "Inherit from model",
    "",
    "Sample time",
    "off",
    "off",
    "-1",
    "",
    "off",
    "update diagram",
    [
    ],
    "",
    "",
    "",
    "expression",
    ""
   ],
   "tabs":[
    "Main",
    "Code Generation",
    "Documentation",
    "-Other"
   ],
   "tabs_idx":[
    0,
    6,
    7,
    8
   ]
  },
  "informer":"<html><head><meta charset=\"UTF-8\"></head><body>\n<h2><font color=\"#993300\">\"Smart_Trafic_Control\" <i>(SubSystem, 3 links)</i></font></h2>\n<hr>\n<font color=\"#993300\"><h3>1. Task3</h3>\nLink to Microsoft Excel<br/>\nDocument: <font color=\"blue\">https://d.docs.live.net/2f5c967ff34fd347/Desktop/MBD_KPIT/SmartTC_Project/STC_Nova_task/Requirement_Linking_STC/RequirementLinking_STC.xlsx</font><br/>\nLocation/Item: <font color=\"blue\">@Simulink_requirement_item_3</font><br/>\n</font>\n\n\n\n\n\n\n\n\n<table border=1 cellpadding=0 cellspacing=0 width=64 style='border-collapse:\n collapse;table-layout:fixed;width:48pt'>\n <col width=64 style='width:48pt'>\n <tr height=19 style='height:14.4pt'>\n  <td height=19 class=xl1531497 width=64 style='height:14.4pt;width:48pt'><a\n  name=\"RANGE!A1\">Task3</a></td>\n </tr>\n \n</table>\n\n<hr>\n<font color=\"#993300\"><h3>2. Task4</h3>\nLink to Microsoft Excel<br/>\nDocument: <font color=\"blue\">https://d.docs.live.net/2f5c967ff34fd347/Desktop/MBD_KPIT/SmartTC_Project/STC_Nova_task/Requirement_Linking_STC/RequirementLinking_STC.xlsx</font><br/>\nLocation/Item: <font color=\"blue\">@Simulink_requirement_item_4</font><br/>\n</font>\n\n\n\n\n\n\n\n\n<table border=1 cellpadding=0 cellspacing=0 width=64 style='border-collapse:\n collapse;table-layout:fixed;width:48pt'>\n <col width=64 style='width:48pt'>\n <tr height=19 style='height:14.4pt'>\n  <td height=19 class=xl1531497 width=64 style='height:14.4pt;width:48pt'><a\n  name=\"RANGE!A1\">Task4</a></td>\n </tr>\n \n</table>\n\n<hr>\n<font color=\"#993300\"><h3>3. link #15</h3>\nLink to Requirements Toolbox<br/>\nDocument: <font color=\"blue\">STC_SimulinkRequrementEditor.slreqx</font><br/>\nLocation/Item: <font color=\"blue\">ID-4</font><br/>\n</font>\n<h3>Smart_Traffic_Control</h3>\n<!DOCTYPE HTML PUBLIC \"-//W3C//DTD HTML 4.0//EN\" \"http://www.w3.org/TR/REC-html40/strict.dtd\">\n<html><head><meta name=\"qrichtext\" content=\"1\" /><style type=\"text/css\">\np, li { white-space: pre-wrap; }\n</style></head><body align=\"left\" style=\" font-family:'MS Shell Dlg 2','MS Shell Dlg 2'; font-size:10pt; font-weight:400; font-style:normal;\">\n<p align=\"left\" style=\" margin-top:0px; margin-bottom:0px; margin-left:0px; margin-right:0px; -qt-block-indent:0; text-indent:0px;\">Smart traffic controller system </p>\n<p align=\"left\" style=\"-qt-paragraph-type:empty; margin-top:0px; margin-bottom:0px; margin-left:0px; margin-right:0px; -qt-block-indent:0; text-indent:0px;\"><br /></p></body></html>\n</body></html>\n",
  "viewer":{
   "jshandler":"webview/handlers/ElementHandler"
  },
  "obj_viewer":[
  ],
  "finder":{
   "blocktype":"SubSystem",
   "masktype":""
  }
 },
 {
  "sid":"STC_Requirement_linking:335",
  "inspector":{
   "params":[
    "PlainText",
    "DropShadow",
    "Interpreter",
    "FontName",
    "FontWeight",
    "FontSize",
    "FontAngle",
    "ForegroundColor",
    "BackgroundColor",
    "HorizontalAlignment",
    "UseDisplayTextAsClickCallback",
    "ClickFcn"
   ],
   "values":[
    "",
    "on",
    "off",
    "auto",
    "auto",
    12,
    "auto",
    "[0.901961, 0.901961, 1.000000]",
    "[0.901961, 0.901961, 1.000000]",
    "left",
    "off",
    ""
   ],
   "tabs":[
   ],
   "tabs_idx":[
   ]
  },
  "informer":"<p> No Requirements </p>",
  "viewer":{
   "jshandler":"webview/handlers/ElementHandler"
  },
  "obj_viewer":[
  ],
  "finder":[
  ]
 },
 {
  "sid":"STC_Requirement_linking:336",
  "inspector":{
   "params":[
    "PlainText",
    "DropShadow",
    "Interpreter",
    "FontName",
    "FontWeight",
    "FontSize",
    "FontAngle",
    "ForegroundColor",
    "BackgroundColor",
    "HorizontalAlignment",
    "UseDisplayTextAsClickCallback",
    "ClickFcn"
   ],
   "values":[
    "$Road1$",
    "off",
    "rich",
    "auto",
    "auto",
    -1,
    "auto",
    "black",
    "white",
    "left",
    "off",
    ""
   ],
   "tabs":[
   ],
   "tabs_idx":[
   ]
  },
  "informer":"<p> No Requirements </p>",
  "viewer":{
   "jshandler":"webview/handlers/ElementHandler"
  },
  "obj_viewer":[
  ],
  "finder":[
  ]
 },
 {
  "sid":"STC_Requirement_linking:337",
  "inspector":{
   "params":[
    "PlainText",
    "DropShadow",
    "Interpreter",
    "FontName",
    "FontWeight",
    "FontSize",
    "FontAngle",
    "ForegroundColor",
    "BackgroundColor",
    "HorizontalAlignment",
    "UseDisplayTextAsClickCallback",
    "ClickFcn"
   ],
   "values":[
    "",
    "on",
    "off",
    "auto",
    "auto",
    12,
    "auto",
    "[0.901961, 0.901961, 1.000000]",
    "[0.901961, 0.901961, 1.000000]",
    "left",
    "off",
    ""
   ],
   "tabs":[
   ],
   "tabs_idx":[
   ]
  },
  "informer":"<p> No Requirements </p>",
  "viewer":{
   "jshandler":"webview/handlers/ElementHandler"
  },
  "obj_viewer":[
  ],
  "finder":[
  ]
 },
 {
  "sid":"STC_Requirement_linking:338",
  "inspector":{
   "params":[
    "PlainText",
    "DropShadow",
    "Interpreter",
    "FontName",
    "FontWeight",
    "FontSize",
    "FontAngle",
    "ForegroundColor",
    "BackgroundColor",
    "HorizontalAlignment",
    "UseDisplayTextAsClickCallback",
    "ClickFcn"
   ],
   "values":[
    "$Road2$",
    "off",
    "rich",
    "auto",
    "auto",
    -1,
    "auto",
    "black",
    "white",
    "left",
    "off",
    ""
   ],
   "tabs":[
   ],
   "tabs_idx":[
   ]
  },
  "informer":"<p> No Requirements </p>",
  "viewer":{
   "jshandler":"webview/handlers/ElementHandler"
  },
  "obj_viewer":[
  ],
  "finder":[
  ]
 },
 {
  "sid":"STC_Requirement_linking:339",
  "inspector":{
   "params":[
    "PlainText",
    "DropShadow",
    "Interpreter",
    "FontName",
    "FontWeight",
    "FontSize",
    "FontAngle",
    "ForegroundColor",
    "BackgroundColor",
    "HorizontalAlignment",
    "UseDisplayTextAsClickCallback",
    "ClickFcn"
   ],
   "values":[
    "",
    "on",
    "off",
    "auto",
    "auto",
    12,
    "auto",
    "[0.901961, 0.901961, 1.000000]",
    "[0.901961, 0.901961, 1.000000]",
    "left",
    "off",
    ""
   ],
   "tabs":[
   ],
   "tabs_idx":[
   ]
  },
  "informer":"<p> No Requirements </p>",
  "viewer":{
   "jshandler":"webview/handlers/ElementHandler"
  },
  "obj_viewer":[
  ],
  "finder":[
  ]
 },
 {
  "sid":"STC_Requirement_linking:340",
  "inspector":{
   "params":[
    "PlainText",
    "DropShadow",
    "Interpreter",
    "FontName",
    "FontWeight",
    "FontSize",
    "FontAngle",
    "ForegroundColor",
    "BackgroundColor",
    "HorizontalAlignment",
    "UseDisplayTextAsClickCallback",
    "ClickFcn"
   ],
   "values":[
    "$Road3$",
    "off",
    "rich",
    "auto",
    "auto",
    -1,
    "auto",
    "black",
    "white",
    "left",
    "off",
    ""
   ],
   "tabs":[
   ],
   "tabs_idx":[
   ]
  },
  "informer":"<p> No Requirements </p>",
  "viewer":{
   "jshandler":"webview/handlers/ElementHandler"
  },
  "obj_viewer":[
  ],
  "finder":[
  ]
 }
]